Date,Symbol,Close
2013-04-29,BTC,144.5399932861328
2013-04-30,BTC,139.0
2013-05-01,BTC,116.98999786376952
2013-05-02,BTC,105.20999908447266
2013-05-03,BTC,97.75
2013-05-04,BTC,112.5
2013-05-05,BTC,115.91000366210938
2013-05-06,BTC,112.3000030517578
2013-05-07,BTC,111.5
2013-05-08,BTC,113.56600189208984
2013-05-09,BTC,112.66999816894533
2013-05-10,BTC,117.1999969482422
2013-05-11,BTC,115.24299621582033
2013-05-12,BTC,115.0
2013-05-13,BTC,117.9800033569336
2013-05-14,BTC,111.5
2013-05-15,BTC,114.22000122070312
2013-05-16,BTC,118.76000213623048
2013-05-17,BTC,123.01499938964844
2013-05-18,BTC,123.4980010986328
2013-05-19,BTC,121.98999786376952
2013-05-20,BTC,122.0
2013-05-21,BTC,122.87999725341795
2013-05-22,BTC,123.88899993896484
2013-05-23,BTC,126.6999969482422
2013-05-24,BTC,133.1999969482422
2013-05-25,BTC,131.97999572753906
2013-05-26,BTC,133.47999572753906
2013-05-27,BTC,129.7449951171875
2013-05-28,BTC,129.0
2013-05-29,BTC,132.3000030517578
2013-05-30,BTC,128.7989959716797
2013-05-31,BTC,129.0
2013-06-01,BTC,129.3000030517578
2013-06-02,BTC,122.29199981689452
2013-06-03,BTC,122.22200012207033
2013-06-04,BTC,121.41999816894533
2013-06-05,BTC,121.6500015258789
2013-06-06,BTC,118.0
2013-06-07,BTC,111.5
2013-06-08,BTC,108.3000030517578
2013-06-09,BTC,100.0
2013-06-10,BTC,106.3499984741211
2013-06-11,BTC,108.9000015258789
2013-06-12,BTC,108.1500015258789
2013-06-13,BTC,104.0
2013-06-14,BTC,99.97889709472656
2013-06-15,BTC,99.98809814453124
2013-06-16,BTC,99.51000213623048
2013-06-17,BTC,101.6999969482422
2013-06-18,BTC,107.4000015258789
2013-06-19,BTC,108.25
2013-06-20,BTC,110.1500015258789
2013-06-21,BTC,109.5
2013-06-22,BTC,108.3000030517578
2013-06-23,BTC,107.5999984741211
2013-06-24,BTC,102.73699951171876
2013-06-25,BTC,103.9499969482422
2013-06-26,BTC,104.0
2013-06-27,BTC,101.43699645996094
2013-06-28,BTC,94.64920043945312
2013-06-29,BTC,94.99400329589844
2013-06-30,BTC,96.61399841308594
2013-07-01,BTC,88.05000305175781
2013-07-02,BTC,90.13400268554688
2013-07-03,BTC,77.52999877929688
2013-07-04,BTC,80.52580261230469
2013-07-05,BTC,68.43099975585938
2013-07-06,BTC,70.27729797363281
2013-07-07,BTC,74.56109619140625
2013-07-08,BTC,76.51599884033203
2013-07-09,BTC,76.69400024414062
2013-07-10,BTC,86.76000213623047
2013-07-11,BTC,88.9800033569336
2013-07-12,BTC,93.59490203857422
2013-07-13,BTC,98.13390350341795
2013-07-14,BTC,94.69129943847656
2013-07-15,BTC,98.40019989013672
2013-07-16,BTC,97.45079803466795
2013-07-17,BTC,98.5
2013-07-18,BTC,90.58000183105467
2013-07-19,BTC,92.16999816894533
2013-07-20,BTC,89.39009857177734
2013-07-21,BTC,90.7573013305664
2013-07-22,BTC,91.61000061035156
2013-07-23,BTC,95.55850219726562
2013-07-24,BTC,94.51000213623048
2013-07-25,BTC,96.9000015258789
2013-07-26,BTC,96.02020263671876
2013-07-27,BTC,94.11599731445312
2013-07-28,BTC,99.75599670410156
2013-07-29,BTC,101.1999969482422
2013-07-30,BTC,107.98999786376952
2013-07-31,BTC,106.08999633789062
2013-08-01,BTC,104.0
2013-08-02,BTC,104.5009994506836
2013-08-03,BTC,104.00499725341795
2013-08-04,BTC,105.1439971923828
2013-08-05,BTC,106.22000122070312
2013-08-06,BTC,106.75
2013-08-07,BTC,106.75
2013-08-08,BTC,103.0
2013-08-09,BTC,102.8000030517578
2013-08-10,BTC,103.0
2013-08-11,BTC,105.0
2013-08-12,BTC,106.63600158691406
2013-08-13,BTC,109.0
2013-08-14,BTC,112.56199645996094
2013-08-15,BTC,109.98999786376952
2013-08-16,BTC,108.99400329589844
2013-08-17,BTC,113.5
2013-08-18,BTC,113.5
2013-08-19,BTC,119.0
2013-08-20,BTC,121.20500183105467
2013-08-21,BTC,123.3000030517578
2013-08-22,BTC,121.1500015258789
2013-08-23,BTC,118.5009994506836
2013-08-24,BTC,120.04499816894533
2013-08-25,BTC,122.11100006103516
2013-08-26,BTC,120.05599975585938
2013-08-27,BTC,126.5
2013-08-28,BTC,122.62000274658205
2013-08-29,BTC,122.38999938964844
2013-08-30,BTC,133.49000549316406
2013-08-31,BTC,135.35000610351562
2013-09-01,BTC,138.33999633789062
2013-09-02,BTC,135.85000610351562
2013-09-03,BTC,136.77000427246094
2013-09-04,BTC,126.73999786376952
2013-09-05,BTC,126.43000030517578
2013-09-06,BTC,119.1500015258789
2013-09-07,BTC,124.1500015258789
2013-09-08,BTC,121.66000366210938
2013-09-09,BTC,127.11000061035156
2013-09-10,BTC,125.91000366210938
2013-09-11,BTC,135.25
2013-09-12,BTC,133.1300048828125
2013-09-13,BTC,134.97999572753906
2013-09-14,BTC,129.22000122070312
2013-09-15,BTC,130.3699951171875
2013-09-16,BTC,131.72000122070312
2013-09-17,BTC,131.66000366210938
2013-09-18,BTC,131.47000122070312
2013-09-19,BTC,129.64999389648438
2013-09-20,BTC,127.04000091552734
2013-09-21,BTC,127.43000030517578
2013-09-22,BTC,129.1199951171875
2013-09-23,BTC,125.9499969482422
2013-09-24,BTC,127.25
2013-09-25,BTC,128.22000122070312
2013-09-26,BTC,128.3800048828125
2013-09-27,BTC,133.77999877929688
2013-09-28,BTC,134.77999877929688
2013-09-29,BTC,137.33999633789062
2013-09-30,BTC,133.0
2013-10-01,BTC,132.17999267578125
2013-10-02,BTC,114.12999725341795
2013-10-03,BTC,123.62999725341795
2013-10-04,BTC,129.00999450683594
2013-10-05,BTC,128.5500030517578
2013-10-06,BTC,129.0
2013-10-07,BTC,126.94000244140624
2013-10-08,BTC,126.0
2013-10-09,BTC,130.69000244140625
2013-10-10,BTC,130.58999633789062
2013-10-11,BTC,130.89999389648438
2013-10-12,BTC,135.19000244140625
2013-10-13,BTC,138.1300048828125
2013-10-14,BTC,140.52000427246094
2013-10-15,BTC,145.24000549316406
2013-10-16,BTC,142.5500030517578
2013-10-17,BTC,146.25
2013-10-18,BTC,155.9600067138672
2013-10-19,BTC,172.4199981689453
2013-10-20,BTC,174.61000061035156
2013-10-21,BTC,182.2100067138672
2013-10-22,BTC,193.75999450683597
2013-10-23,BTC,213.6199951171875
2013-10-24,BTC,198.22999572753903
2013-10-25,BTC,186.69000244140625
2013-10-26,BTC,177.32000732421875
2013-10-27,BTC,196.44000244140625
2013-10-28,BTC,198.5500030517578
2013-10-29,BTC,204.38999938964844
2013-10-30,BTC,199.97000122070312
2013-10-31,BTC,204.0
2013-11-01,BTC,206.17999267578125
2013-11-02,BTC,206.22000122070312
2013-11-03,BTC,215.0500030517578
2013-11-04,BTC,229.1000061035156
2013-11-05,BTC,245.2400054931641
2013-11-06,BTC,262.5
2013-11-07,BTC,296.4100036621094
2013-11-08,BTC,338.1099853515625
2013-11-09,BTC,339.1099853515625
2013-11-10,BTC,326.6199951171875
2013-11-11,BTC,342.44000244140625
2013-11-12,BTC,360.3299865722656
2013-11-13,BTC,407.3699951171875
2013-11-14,BTC,420.2000122070313
2013-11-15,BTC,417.9500122070313
2013-11-16,BTC,440.2200012207031
2013-11-17,BTC,492.1099853515625
2013-11-18,BTC,703.5599975585938
2013-11-19,BTC,584.6099853515625
2013-11-20,BTC,590.8300170898438
2013-11-21,BTC,722.4299926757812
2013-11-22,BTC,771.4400024414062
2013-11-23,BTC,797.8200073242188
2013-11-24,BTC,774.25
2013-11-25,BTC,799.1099853515625
2013-11-26,BTC,928.0999755859376
2013-11-27,BTC,1001.9600219726562
2013-11-28,BTC,1031.949951171875
2013-11-29,BTC,1131.969970703125
2013-11-30,BTC,1129.4300537109375
2013-12-01,BTC,955.8499755859376
2013-12-02,BTC,1043.3299560546875
2013-12-03,BTC,1078.280029296875
2013-12-04,BTC,1151.1700439453125
2013-12-05,BTC,1045.1099853515625
2013-12-06,BTC,829.4500122070312
2013-12-07,BTC,698.22998046875
2013-12-08,BTC,795.8699951171875
2013-12-09,BTC,893.1900024414062
2013-12-10,BTC,988.510009765625
2013-12-11,BTC,878.47998046875
2013-12-12,BTC,873.260009765625
2013-12-13,BTC,892.5800170898438
2013-12-14,BTC,872.5999755859375
2013-12-15,BTC,876.1199951171875
2013-12-16,BTC,705.969970703125
2013-12-17,BTC,682.1199951171875
2013-12-18,BTC,522.7000122070312
2013-12-19,BTC,691.9600219726562
2013-12-20,BTC,625.3200073242188
2013-12-21,BTC,605.6599731445312
2013-12-22,BTC,617.1799926757812
2013-12-23,BTC,673.4099731445312
2013-12-24,BTC,665.5800170898438
2013-12-25,BTC,682.2100219726562
2013-12-26,BTC,761.97998046875
2013-12-27,BTC,735.0700073242188
2013-12-28,BTC,727.8300170898438
2013-12-29,BTC,745.0499877929688
2013-12-30,BTC,756.1300048828125
2013-12-31,BTC,754.010009765625
2014-01-01,BTC,771.4000244140625
2014-01-02,BTC,802.3900146484375
2014-01-03,BTC,818.719970703125
2014-01-04,BTC,859.510009765625
2014-01-05,BTC,933.530029296875
2014-01-06,BTC,953.2899780273438
2014-01-07,BTC,802.0
2014-01-08,BTC,842.719970703125
2014-01-09,BTC,846.8599853515625
2014-01-10,BTC,868.47998046875
2014-01-11,BTC,913.9500122070312
2014-01-12,BTC,863.219970703125
2014-01-13,BTC,841.2000122070312
2014-01-14,BTC,833.27001953125
2014-01-15,BTC,860.9000244140625
2014-01-16,BTC,835.6300048828125
2014-01-17,BTC,814.6400146484375
2014-01-18,BTC,840.0
2014-01-19,BTC,870.9600219726562
2014-01-20,BTC,870.2000122070312
2014-01-21,BTC,863.9099731445312
2014-01-22,BTC,845.5900268554688
2014-01-23,BTC,822.0399780273438
2014-01-24,BTC,797.0700073242188
2014-01-25,BTC,853.6099853515625
2014-01-26,BTC,885.280029296875
2014-01-27,BTC,771.3900146484375
2014-01-28,BTC,812.510009765625
2014-01-29,BTC,826.0
2014-01-30,BTC,819.030029296875
2014-01-31,BTC,829.9199829101562
2014-02-01,BTC,832.5800170898438
2014-02-02,BTC,825.3699951171875
2014-02-03,BTC,823.8300170898438
2014-02-04,BTC,827.9600219726562
2014-02-05,BTC,811.9099731445312
2014-02-06,BTC,781.5499877929688
2014-02-07,BTC,712.4000244140625
2014-02-08,BTC,673.9199829101562
2014-02-09,BTC,682.9000244140625
2014-02-10,BTC,681.030029296875
2014-02-11,BTC,672.1699829101562
2014-02-12,BTC,651.719970703125
2014-02-13,BTC,605.239990234375
2014-02-14,BTC,661.989990234375
2014-02-15,BTC,650.9199829101562
2014-02-16,BTC,616.6300048828125
2014-02-17,BTC,626.27001953125
2014-02-18,BTC,626.5999755859375
2014-02-19,BTC,623.030029296875
2014-02-20,BTC,556.1400146484375
2014-02-21,BTC,574.1599731445312
2014-02-22,BTC,605.4199829101562
2014-02-23,BTC,605.8200073242188
2014-02-24,BTC,546.3200073242188
2014-02-25,BTC,538.7100219726562
2014-02-26,BTC,582.6900024414062
2014-02-27,BTC,578.77001953125
2014-02-28,BTC,549.260009765625
2014-03-01,BTC,565.6099853515625
2014-03-02,BTC,559.7899780273438
2014-03-03,BTC,667.760009765625
2014-03-04,BTC,666.780029296875
2014-03-05,BTC,665.510009765625
2014-03-06,BTC,663.8599853515625
2014-03-07,BTC,629.1500244140625
2014-03-08,BTC,617.4500122070312
2014-03-09,BTC,636.9600219726562
2014-03-10,BTC,627.7899780273438
2014-03-11,BTC,634.1099853515625
2014-03-12,BTC,632.0999755859375
2014-03-13,BTC,638.1400146484375
2014-03-14,BTC,628.7999877929688
2014-03-15,BTC,636.1199951171875
2014-03-16,BTC,631.1099853515625
2014-03-17,BTC,622.3729858398438
2014-03-18,BTC,614.8319702148438
2014-03-19,BTC,609.8880004882812
2014-03-20,BTC,588.77001953125
2014-03-21,BTC,571.489990234375
2014-03-22,BTC,565.0399780273438
2014-03-23,BTC,561.27197265625
2014-03-24,BTC,583.4119873046875
2014-03-25,BTC,583.9169921875
2014-03-26,BTC,580.8270263671875
2014-03-27,BTC,471.239013671875
2014-03-28,BTC,495.6659851074219
2014-03-29,BTC,491.1719970703125
2014-03-30,BTC,460.2730102539063
2014-03-31,BTC,457.0010070800781
2014-04-01,BTC,478.375
2014-04-02,BTC,437.1400146484375
2014-04-03,BTC,444.7179870605469
2014-04-04,BTC,447.5260009765625
2014-04-05,BTC,461.9070129394531
2014-04-06,BTC,460.4989929199219
2014-04-07,BTC,449.4230041503906
2014-04-08,BTC,453.08599853515625
2014-04-09,BTC,442.7250061035156
2014-04-10,BTC,365.1759948730469
2014-04-11,BTC,420.9469909667969
2014-04-12,BTC,421.1159973144531
2014-04-13,BTC,414.06298828125
2014-04-14,BTC,458.7869873046875
2014-04-15,BTC,515.5859985351562
2014-04-16,BTC,527.39501953125
2014-04-17,BTC,495.9630126953125
2014-04-18,BTC,479.6449890136719
2014-04-19,BTC,501.5650024414063
2014-04-20,BTC,498.1679992675781
2014-04-21,BTC,495.7730102539063
2014-04-22,BTC,487.9240112304688
2014-04-23,BTC,491.3030090332031
2014-04-24,BTC,500.4649963378906
2014-04-25,BTC,461.4490051269531
2014-04-26,BTC,458.60101318359375
2014-04-27,BTC,436.3900146484375
2014-04-28,BTC,440.2850036621094
2014-04-29,BTC,447.2090148925781
2014-04-30,BTC,447.6449890136719
2014-05-01,BTC,457.760009765625
2014-05-02,BTC,449.37701416015625
2014-05-03,BTC,437.7619934082031
2014-05-04,BTC,436.4030151367188
2014-05-05,BTC,433.4819946289063
2014-05-06,BTC,428.9620056152344
2014-05-07,BTC,438.8210144042969
2014-05-08,BTC,440.16900634765625
2014-05-09,BTC,449.46099853515625
2014-05-10,BTC,454.4330139160156
2014-05-11,BTC,438.885986328125
2014-05-12,BTC,441.4620056152344
2014-05-13,BTC,440.6709899902344
2014-05-14,BTC,443.9719848632813
2014-05-15,BTC,447.25201416015625
2014-05-16,BTC,448.0580139160156
2014-05-17,BTC,448.9030151367188
2014-05-18,BTC,446.2640075683594
2014-05-19,BTC,446.1809997558594
2014-05-20,BTC,485.7239990234375
2014-05-21,BTC,491.7699890136719
2014-05-22,BTC,524.5789794921875
2014-05-23,BTC,520.2219848632812
2014-05-24,BTC,525.1380004882812
2014-05-25,BTC,571.5880126953125
2014-05-26,BTC,583.4240112304688
2014-05-27,BTC,571.2440185546875
2014-05-28,BTC,577.06201171875
2014-05-29,BTC,568.1799926757812
2014-05-30,BTC,615.3250122070312
2014-05-31,BTC,623.677001953125
2014-06-01,BTC,630.22900390625
2014-06-02,BTC,660.6179809570312
2014-06-03,BTC,667.60498046875
2014-06-04,BTC,641.614013671875
2014-06-05,BTC,659.2579956054688
2014-06-06,BTC,653.7020263671875
2014-06-07,BTC,654.968994140625
2014-06-08,BTC,656.1400146484375
2014-06-09,BTC,649.1589965820312
2014-06-10,BTC,653.1500244140625
2014-06-11,BTC,633.02001953125
2014-06-12,BTC,586.9520263671875
2014-06-13,BTC,600.1630249023438
2014-06-14,BTC,577.3579711914062
2014-06-15,BTC,592.93701171875
2014-06-16,BTC,592.18798828125
2014-06-17,BTC,610.864013671875
2014-06-18,BTC,607.9580078125
2014-06-19,BTC,598.0709838867188
2014-06-20,BTC,594.14599609375
2014-06-21,BTC,594.9920043945312
2014-06-22,BTC,602.2730102539062
2014-06-23,BTC,593.9840087890625
2014-06-24,BTC,582.3569946289062
2014-06-25,BTC,566.3359985351562
2014-06-26,BTC,581.1370239257812
2014-06-27,BTC,597.260986328125
2014-06-28,BTC,596.5490112304688
2014-06-29,BTC,602.7150268554688
2014-06-30,BTC,639.7969970703125
2014-07-01,BTC,640.8060302734375
2014-07-02,BTC,650.8790283203125
2014-07-03,BTC,645.156005859375
2014-07-04,BTC,630.6920166015625
2014-07-05,BTC,631.4569702148438
2014-07-06,BTC,635.8070068359375
2014-07-07,BTC,624.0859985351562
2014-07-08,BTC,624.8179931640625
2014-07-09,BTC,624.5089721679688
2014-07-10,BTC,616.7620239257812
2014-07-11,BTC,632.0029907226562
2014-07-12,BTC,633.7130126953125
2014-07-13,BTC,626.4970092773438
2014-07-14,BTC,619.3150024414062
2014-07-15,BTC,621.5859985351562
2014-07-16,BTC,616.7999877929688
2014-07-17,BTC,623.0889892578125
2014-07-18,BTC,628.7789916992188
2014-07-19,BTC,628.5150146484375
2014-07-20,BTC,623.9000244140625
2014-07-21,BTC,622.2109985351562
2014-07-22,BTC,621.551025390625
2014-07-23,BTC,619.4149780273438
2014-07-24,BTC,601.7329711914062
2014-07-25,BTC,601.0889892578125
2014-07-26,BTC,595.81298828125
2014-07-27,BTC,593.8519897460938
2014-07-28,BTC,585.6909790039062
2014-07-29,BTC,584.7249755859375
2014-07-30,BTC,567.2930297851562
2014-07-31,BTC,586.2349853515625
2014-08-01,BTC,594.916015625
2014-08-02,BTC,589.3330078125
2014-08-03,BTC,586.666015625
2014-08-04,BTC,588.781982421875
2014-08-05,BTC,585.4359741210938
2014-08-06,BTC,584.6530151367188
2014-08-07,BTC,588.8690185546875
2014-08-08,BTC,592.5770263671875
2014-08-09,BTC,589.3720092773438
2014-08-10,BTC,591.0609741210938
2014-08-11,BTC,576.3679809570312
2014-08-12,BTC,569.6420288085938
2014-08-13,BTC,546.6580200195312
2014-08-14,BTC,505.9739990234375
2014-08-15,BTC,497.010009765625
2014-08-16,BTC,519.7080078125
2014-08-17,BTC,491.7950134277344
2014-08-18,BTC,461.4599914550781
2014-08-19,BTC,485.2449951171875
2014-08-20,BTC,511.9800109863281
2014-08-21,BTC,517.2369995117188
2014-08-22,BTC,514.0430297851562
2014-08-23,BTC,498.0750122070313
2014-08-24,BTC,508.2860107421875
2014-08-25,BTC,502.4960021972656
2014-08-26,BTC,511.5700073242188
2014-08-27,BTC,511.1530151367188
2014-08-28,BTC,507.8150024414063
2014-08-29,BTC,508.5169982910156
2014-08-30,BTC,504.2489929199219
2014-08-31,BTC,477.7630004882813
2014-09-01,BTC,474.8789978027344
2014-09-02,BTC,477.4259948730469
2014-09-03,BTC,477.58599853515625
2014-09-04,BTC,489.6600036621094
2014-09-05,BTC,483.3420104980469
2014-09-06,BTC,484.8299865722656
2014-09-07,BTC,482.2780151367188
2014-09-08,BTC,474.6000061035156
2014-09-09,BTC,475.260009765625
2014-09-10,BTC,479.3590087890625
2014-09-11,BTC,479.7489929199219
2014-09-12,BTC,477.75299072265625
2014-09-13,BTC,479.00201416015625
2014-09-14,BTC,477.8919982910156
2014-09-15,BTC,475.3710021972656
2014-09-16,BTC,466.0570068359375
2014-09-17,BTC,457.3340148925781
2014-09-18,BTC,424.4400024414063
2014-09-19,BTC,394.7959899902344
2014-09-20,BTC,408.9039916992188
2014-09-21,BTC,398.8210144042969
2014-09-22,BTC,402.1520080566406
2014-09-23,BTC,435.7909851074219
2014-09-24,BTC,423.2049865722656
2014-09-25,BTC,411.5740051269531
2014-09-26,BTC,404.4249877929688
2014-09-27,BTC,399.5199890136719
2014-09-28,BTC,377.1809997558594
2014-09-29,BTC,375.4670104980469
2014-09-30,BTC,386.9440002441406
2014-10-01,BTC,383.614990234375
2014-10-02,BTC,375.0719909667969
2014-10-03,BTC,359.5119934082031
2014-10-04,BTC,328.8659973144531
2014-10-05,BTC,320.510009765625
2014-10-06,BTC,330.0790100097656
2014-10-07,BTC,336.18701171875
2014-10-08,BTC,352.94000244140625
2014-10-09,BTC,365.0260009765625
2014-10-10,BTC,361.56201171875
2014-10-11,BTC,362.2990112304688
2014-10-12,BTC,378.5490112304688
2014-10-13,BTC,390.41400146484375
2014-10-14,BTC,400.8699951171875
2014-10-15,BTC,394.7730102539063
2014-10-16,BTC,382.5559997558594
2014-10-17,BTC,383.7579956054688
2014-10-18,BTC,391.4419860839844
2014-10-19,BTC,389.5459899902344
2014-10-20,BTC,382.8450012207031
2014-10-21,BTC,386.4750061035156
2014-10-22,BTC,383.1579895019531
2014-10-23,BTC,358.4169921875
2014-10-24,BTC,358.3450012207031
2014-10-25,BTC,347.27099609375
2014-10-26,BTC,354.7040100097656
2014-10-27,BTC,352.989013671875
2014-10-28,BTC,357.6180114746094
2014-10-29,BTC,335.59100341796875
2014-10-30,BTC,345.30499267578125
2014-10-31,BTC,338.3210144042969
2014-11-01,BTC,325.7489929199219
2014-11-02,BTC,325.8919982910156
2014-11-03,BTC,327.5539855957031
2014-11-04,BTC,330.49200439453125
2014-11-05,BTC,339.4859924316406
2014-11-06,BTC,349.2900085449219
2014-11-07,BTC,342.4150085449219
2014-11-08,BTC,345.4880065917969
2014-11-09,BTC,363.2640075683594
2014-11-10,BTC,366.9240112304688
2014-11-11,BTC,367.6950073242188
2014-11-12,BTC,423.5610046386719
2014-11-13,BTC,420.7349853515625
2014-11-14,BTC,397.8179931640625
2014-11-15,BTC,376.1329956054688
2014-11-16,BTC,387.8819885253906
2014-11-17,BTC,387.4079895019531
2014-11-18,BTC,375.197998046875
2014-11-19,BTC,380.5549926757813
2014-11-20,BTC,357.8399963378906
2014-11-21,BTC,350.8479919433594
2014-11-22,BTC,352.9200134277344
2014-11-23,BTC,367.572998046875
2014-11-24,BTC,376.9010009765625
2014-11-25,BTC,375.3479919433594
2014-11-26,BTC,368.3699951171875
2014-11-27,BTC,369.6700134277344
2014-11-28,BTC,376.4469909667969
2014-11-29,BTC,375.4909973144531
2014-11-30,BTC,378.0469970703125
2014-12-01,BTC,379.2449951171875
2014-12-02,BTC,381.3150024414063
2014-12-03,BTC,375.010009765625
2014-12-04,BTC,369.60400390625
2014-12-05,BTC,376.85400390625
2014-12-06,BTC,374.7850036621094
2014-12-07,BTC,375.0950012207031
2014-12-08,BTC,361.9089965820313
2014-12-09,BTC,352.218994140625
2014-12-10,BTC,346.364990234375
2014-12-11,BTC,350.5060119628906
2014-12-12,BTC,352.5419921875
2014-12-13,BTC,347.3760070800781
2014-12-14,BTC,351.6319885253906
2014-12-15,BTC,345.3450012207031
2014-12-16,BTC,327.06201171875
2014-12-17,BTC,319.7760009765625
2014-12-18,BTC,311.39599609375
2014-12-19,BTC,317.8429870605469
2014-12-20,BTC,329.9559936523437
2014-12-21,BTC,320.8429870605469
2014-12-22,BTC,331.885986328125
2014-12-23,BTC,334.5719909667969
2014-12-24,BTC,322.53399658203125
2014-12-25,BTC,319.00799560546875
2014-12-26,BTC,327.92401123046875
2014-12-27,BTC,315.8630065917969
2014-12-28,BTC,317.239013671875
2014-12-29,BTC,312.6700134277344
2014-12-30,BTC,310.73699951171875
2014-12-31,BTC,320.1929931640625
2015-01-01,BTC,314.2489929199219
2015-01-02,BTC,315.0320129394531
2015-01-03,BTC,281.0820007324219
2015-01-04,BTC,264.19500732421875
2015-01-05,BTC,274.4739990234375
2015-01-06,BTC,286.1889953613281
2015-01-07,BTC,294.3370056152344
2015-01-08,BTC,283.3489990234375
2015-01-09,BTC,290.4079895019531
2015-01-10,BTC,274.7959899902344
2015-01-11,BTC,265.6600036621094
2015-01-12,BTC,267.7959899902344
2015-01-13,BTC,225.86099243164065
2015-01-14,BTC,178.10299682617188
2015-01-15,BTC,209.843994140625
2015-01-16,BTC,208.0970001220703
2015-01-17,BTC,199.25999450683597
2015-01-18,BTC,210.3390045166016
2015-01-19,BTC,214.86099243164065
2015-01-20,BTC,211.31500244140625
2015-01-21,BTC,226.89700317382807
2015-01-22,BTC,233.406005859375
2015-01-23,BTC,232.8789978027344
2015-01-24,BTC,247.8470001220703
2015-01-25,BTC,253.71800231933597
2015-01-26,BTC,273.4729919433594
2015-01-27,BTC,263.4750061035156
2015-01-28,BTC,233.9149932861328
2015-01-29,BTC,233.51300048828125
2015-01-30,BTC,226.4250030517578
2015-01-31,BTC,217.4640045166016
2015-02-01,BTC,226.9720001220703
2015-02-02,BTC,238.22900390625
2015-02-03,BTC,227.26800537109372
2015-02-04,BTC,226.85299682617188
2015-02-05,BTC,217.11099243164065
2015-02-06,BTC,222.26600646972656
2015-02-07,BTC,227.7539978027344
2015-02-08,BTC,223.41200256347656
2015-02-09,BTC,220.1100006103516
2015-02-10,BTC,219.8390045166016
2015-02-11,BTC,219.18499755859372
2015-02-12,BTC,221.76400756835935
2015-02-13,BTC,235.427001953125
2015-02-14,BTC,257.3210144042969
2015-02-15,BTC,234.8249969482422
2015-02-16,BTC,233.84300231933597
2015-02-17,BTC,243.6100006103516
2015-02-18,BTC,236.3260040283203
2015-02-19,BTC,240.2830047607422
2015-02-20,BTC,243.7790069580078
2015-02-21,BTC,244.53399658203125
2015-02-22,BTC,235.9770050048828
2015-02-23,BTC,238.8919982910156
2015-02-24,BTC,238.7350006103516
2015-02-25,BTC,237.47000122070312
2015-02-26,BTC,236.42599487304688
2015-02-27,BTC,253.8280029296875
2015-02-28,BTC,254.26300048828125
2015-03-01,BTC,260.2019958496094
2015-03-02,BTC,275.6700134277344
2015-03-03,BTC,281.7019958496094
2015-03-04,BTC,273.0920104980469
2015-03-05,BTC,276.1780090332031
2015-03-06,BTC,272.7229919433594
2015-03-07,BTC,276.260986328125
2015-03-08,BTC,274.35400390625
2015-03-09,BTC,289.60699462890625
2015-03-10,BTC,291.760009765625
2015-03-11,BTC,296.3789978027344
2015-03-12,BTC,294.35400390625
2015-03-13,BTC,285.3370056152344
2015-03-14,BTC,281.885009765625
2015-03-15,BTC,286.3930053710937
2015-03-16,BTC,290.5929870605469
2015-03-17,BTC,285.5050048828125
2015-03-18,BTC,256.29901123046875
2015-03-19,BTC,260.9280090332031
2015-03-20,BTC,261.7489929199219
2015-03-21,BTC,260.0249938964844
2015-03-22,BTC,267.9599914550781
2015-03-23,BTC,266.739990234375
2015-03-24,BTC,245.59500122070312
2015-03-25,BTC,246.19700622558597
2015-03-26,BTC,248.5319976806641
2015-03-27,BTC,247.0290069580078
2015-03-28,BTC,252.79800415039065
2015-03-29,BTC,242.71299743652344
2015-03-30,BTC,247.5260009765625
2015-03-31,BTC,244.2239990234375
2015-04-01,BTC,247.27200317382807
2015-04-02,BTC,253.0050048828125
2015-04-03,BTC,254.32200622558597
2015-04-04,BTC,253.69700622558597
2015-04-05,BTC,260.5979919433594
2015-04-06,BTC,255.49200439453125
2015-04-07,BTC,253.17999267578125
2015-04-08,BTC,245.02200317382807
2015-04-09,BTC,243.67599487304688
2015-04-10,BTC,236.07200622558597
2015-04-11,BTC,236.552001953125
2015-04-12,BTC,236.1529998779297
2015-04-13,BTC,224.5870056152344
2015-04-14,BTC,219.15899658203125
2015-04-15,BTC,223.8329925537109
2015-04-16,BTC,228.572998046875
2015-04-17,BTC,222.8820037841797
2015-04-18,BTC,223.3560028076172
2015-04-19,BTC,222.6000061035156
2015-04-20,BTC,224.62600708007807
2015-04-21,BTC,235.2689971923828
2015-04-22,BTC,234.17599487304688
2015-04-23,BTC,236.4620056152344
2015-04-24,BTC,231.26800537109372
2015-04-25,BTC,226.38999938964844
2015-04-26,BTC,219.42999267578125
2015-04-27,BTC,229.28599548339844
2015-04-28,BTC,225.85499572753903
2015-04-29,BTC,225.80799865722656
2015-04-30,BTC,236.1450042724609
2015-05-01,BTC,232.07899475097656
2015-05-02,BTC,234.92999267578125
2015-05-03,BTC,240.3580017089844
2015-05-04,BTC,239.01800537109372
2015-05-05,BTC,236.1210021972656
2015-05-06,BTC,229.7819976806641
2015-05-07,BTC,237.33399963378903
2015-05-08,BTC,243.86300659179688
2015-05-09,BTC,241.83200073242188
2015-05-10,BTC,240.29600524902344
2015-05-11,BTC,242.1580047607422
2015-05-12,BTC,241.11199951171875
2015-05-13,BTC,236.3769989013672
2015-05-14,BTC,236.9290008544922
2015-05-15,BTC,237.60499572753903
2015-05-16,BTC,236.1529998779297
2015-05-17,BTC,236.802001953125
2015-05-18,BTC,233.1280059814453
2015-05-19,BTC,231.94700622558597
2015-05-20,BTC,234.01800537109372
2015-05-21,BTC,235.343994140625
2015-05-22,BTC,240.34800720214844
2015-05-23,BTC,238.8719940185547
2015-05-24,BTC,240.9530029296875
2015-05-25,BTC,237.1100006103516
2015-05-26,BTC,237.11599731445312
2015-05-27,BTC,237.2830047607422
2015-05-28,BTC,237.4080047607422
2015-05-29,BTC,237.0959930419922
2015-05-30,BTC,233.34500122070312
2015-05-31,BTC,230.19000244140625
2015-06-01,BTC,222.92599487304688
2015-06-02,BTC,225.8029937744141
2015-06-03,BTC,225.87399291992188
2015-06-04,BTC,224.32400512695312
2015-06-05,BTC,224.95199584960935
2015-06-06,BTC,225.61900329589844
2015-06-07,BTC,222.8809967041016
2015-06-08,BTC,228.48899841308597
2015-06-09,BTC,229.04800415039065
2015-06-10,BTC,228.8029937744141
2015-06-11,BTC,229.7050018310547
2015-06-12,BTC,229.98199462890625
2015-06-13,BTC,232.4019927978516
2015-06-14,BTC,233.54299926757807
2015-06-15,BTC,236.822998046875
2015-06-16,BTC,250.8950042724609
2015-06-17,BTC,249.28399658203125
2015-06-18,BTC,249.0070037841797
2015-06-19,BTC,244.6060028076172
2015-06-20,BTC,245.2120056152344
2015-06-21,BTC,243.94400024414065
2015-06-22,BTC,246.9900054931641
2015-06-23,BTC,244.29600524902344
2015-06-24,BTC,240.51499938964844
2015-06-25,BTC,242.7989959716797
2015-06-26,BTC,243.593994140625
2015-06-27,BTC,250.9900054931641
2015-06-28,BTC,249.0110015869141
2015-06-29,BTC,257.0639953613281
2015-06-30,BTC,263.0719909667969
2015-07-01,BTC,258.6210021972656
2015-07-02,BTC,255.41200256347656
2015-07-03,BTC,256.33599853515625
2015-07-04,BTC,260.885986328125
2015-07-05,BTC,271.9129943847656
2015-07-06,BTC,269.0299987792969
2015-07-07,BTC,266.2070007324219
2015-07-08,BTC,270.7850036621094
2015-07-09,BTC,269.2279968261719
2015-07-10,BTC,284.8940124511719
2015-07-11,BTC,293.114990234375
2015-07-12,BTC,310.86700439453125
2015-07-13,BTC,292.0539855957031
2015-07-14,BTC,287.4639892578125
2015-07-15,BTC,285.8290100097656
2015-07-16,BTC,278.0889892578125
2015-07-17,BTC,279.47198486328125
2015-07-18,BTC,274.9010009765625
2015-07-19,BTC,273.614013671875
2015-07-20,BTC,278.9809875488281
2015-07-21,BTC,275.8330078125
2015-07-22,BTC,277.22198486328125
2015-07-23,BTC,276.04901123046875
2015-07-24,BTC,288.27801513671875
2015-07-25,BTC,288.6969909667969
2015-07-26,BTC,292.6860046386719
2015-07-27,BTC,293.6239929199219
2015-07-28,BTC,294.427001953125
2015-07-29,BTC,289.5899963378906
2015-07-30,BTC,287.72198486328125
2015-07-31,BTC,284.6499938964844
2015-08-01,BTC,281.6010131835937
2015-08-02,BTC,282.614013671875
2015-08-03,BTC,281.2269897460937
2015-08-04,BTC,285.2179870605469
2015-08-05,BTC,281.8819885253906
2015-08-06,BTC,278.5769958496094
2015-08-07,BTC,279.5849914550781
2015-08-08,BTC,260.9970092773437
2015-08-09,BTC,265.0830078125
2015-08-10,BTC,264.4700012207031
2015-08-11,BTC,270.385986328125
2015-08-12,BTC,266.3760070800781
2015-08-13,BTC,264.0799865722656
2015-08-14,BTC,265.67999267578125
2015-08-15,BTC,261.5509948730469
2015-08-16,BTC,258.5069885253906
2015-08-17,BTC,257.9760131835937
2015-08-18,BTC,211.07899475097656
2015-08-19,BTC,226.6840057373047
2015-08-20,BTC,235.3500061035156
2015-08-21,BTC,232.56900024414065
2015-08-22,BTC,230.38999938964844
2015-08-23,BTC,228.16900634765625
2015-08-24,BTC,210.4949951171875
2015-08-25,BTC,221.60899353027344
2015-08-26,BTC,225.83099365234372
2015-08-27,BTC,224.7689971923828
2015-08-28,BTC,231.39599609375
2015-08-29,BTC,229.77999877929688
2015-08-30,BTC,228.7610015869141
2015-08-31,BTC,230.05599975585935
2015-09-01,BTC,228.1210021972656
2015-09-02,BTC,229.28399658203125
2015-09-03,BTC,227.18299865722656
2015-09-04,BTC,230.29800415039065
2015-09-05,BTC,235.0189971923828
2015-09-06,BTC,239.83999633789065
2015-09-07,BTC,239.8470001220703
2015-09-08,BTC,243.60699462890625
2015-09-09,BTC,238.16799926757807
2015-09-10,BTC,238.4770050048828
2015-09-11,BTC,240.10699462890625
2015-09-12,BTC,235.22900390625
2015-09-13,BTC,230.51199340820312
2015-09-14,BTC,230.6439971923828
2015-09-15,BTC,230.3040008544922
2015-09-16,BTC,229.09100341796875
2015-09-17,BTC,229.80999755859372
2015-09-18,BTC,232.9750061035156
2015-09-19,BTC,231.4929962158203
2015-09-20,BTC,231.2120056152344
2015-09-21,BTC,227.0850067138672
2015-09-22,BTC,230.6179962158203
2015-09-23,BTC,230.2830047607422
2015-09-24,BTC,234.5290069580078
2015-09-25,BTC,235.1439971923828
2015-09-26,BTC,234.33999633789065
2015-09-27,BTC,232.7570037841797
2015-09-28,BTC,239.1419982910156
2015-09-29,BTC,236.6869964599609
2015-09-30,BTC,236.05999755859372
2015-10-01,BTC,237.5489959716797
2015-10-02,BTC,237.29299926757807
2015-10-03,BTC,238.72999572753903
2015-10-04,BTC,238.25900268554688
2015-10-05,BTC,240.38299560546875
2015-10-06,BTC,246.06300354003903
2015-10-07,BTC,242.968994140625
2015-10-08,BTC,242.3040008544922
2015-10-09,BTC,243.93099975585935
2015-10-10,BTC,244.9409942626953
2015-10-11,BTC,247.0500030517578
2015-10-12,BTC,245.30799865722656
2015-10-13,BTC,249.50799560546875
2015-10-14,BTC,251.98899841308597
2015-10-15,BTC,254.32000732421875
2015-10-16,BTC,262.8689880371094
2015-10-17,BTC,270.6400146484375
2015-10-18,BTC,261.6430053710937
2015-10-19,BTC,263.43701171875
2015-10-20,BTC,269.4630126953125
2015-10-21,BTC,266.2720031738281
2015-10-22,BTC,274.02301025390625
2015-10-23,BTC,276.4960021972656
2015-10-24,BTC,281.65399169921875
2015-10-25,BTC,283.67999267578125
2015-10-26,BTC,285.29998779296875
2015-10-27,BTC,293.7879943847656
2015-10-28,BTC,304.6180114746094
2015-10-29,BTC,313.8550109863281
2015-10-30,BTC,328.0150146484375
2015-10-31,BTC,314.1659851074219
2015-11-01,BTC,325.4309997558594
2015-11-02,BTC,361.1889953613281
2015-11-03,BTC,403.4169921875
2015-11-04,BTC,411.56298828125
2015-11-05,BTC,386.35400390625
2015-11-06,BTC,374.4700012207031
2015-11-07,BTC,386.4819946289063
2015-11-08,BTC,373.3680114746094
2015-11-09,BTC,380.2569885253906
2015-11-10,BTC,336.8190002441406
2015-11-11,BTC,311.0840148925781
2015-11-12,BTC,338.1520080566406
2015-11-13,BTC,336.75299072265625
2015-11-14,BTC,332.906005859375
2015-11-15,BTC,320.1659851074219
2015-11-16,BTC,330.7510070800781
2015-11-17,BTC,335.093994140625
2015-11-18,BTC,334.5899963378906
2015-11-19,BTC,326.14898681640625
2015-11-20,BTC,322.0220031738281
2015-11-21,BTC,326.927001953125
2015-11-22,BTC,324.5360107421875
2015-11-23,BTC,323.0459899902344
2015-11-24,BTC,320.0459899902344
2015-11-25,BTC,328.2059936523437
2015-11-26,BTC,352.6839904785156
2015-11-27,BTC,358.0419921875
2015-11-28,BTC,357.3810119628906
2015-11-29,BTC,371.29400634765625
2015-11-30,BTC,377.3210144042969
2015-12-01,BTC,362.4880065917969
2015-12-02,BTC,359.18701171875
2015-12-03,BTC,361.0459899902344
2015-12-04,BTC,363.1830139160156
2015-12-05,BTC,388.9490051269531
2015-12-06,BTC,388.7829895019531
2015-12-07,BTC,395.5360107421875
2015-12-08,BTC,415.56298828125
2015-12-09,BTC,417.56298828125
2015-12-10,BTC,415.47900390625
2015-12-11,BTC,451.93798828125
2015-12-12,BTC,434.99700927734375
2015-12-13,BTC,433.7550048828125
2015-12-14,BTC,444.1820068359375
2015-12-15,BTC,465.3210144042969
2015-12-16,BTC,454.9339904785156
2015-12-17,BTC,456.0780029296875
2015-12-18,BTC,463.6159973144531
2015-12-19,BTC,462.3219909667969
2015-12-20,BTC,442.68499755859375
2015-12-21,BTC,438.6390075683594
2015-12-22,BTC,436.5719909667969
2015-12-23,BTC,442.4010009765625
2015-12-24,BTC,454.9849853515625
2015-12-25,BTC,455.6530151367188
2015-12-26,BTC,417.2739868164063
2015-12-27,BTC,422.822998046875
2015-12-28,BTC,422.2789916992188
2015-12-29,BTC,432.9830017089844
2015-12-30,BTC,426.6199951171875
2015-12-31,BTC,430.5669860839844
2016-01-01,BTC,434.3340148925781
2016-01-02,BTC,433.43798828125
2016-01-03,BTC,430.010986328125
2016-01-04,BTC,433.0910034179688
2016-01-05,BTC,431.9599914550781
2016-01-06,BTC,429.1050109863281
2016-01-07,BTC,458.0480041503906
2016-01-08,BTC,453.2300109863281
2016-01-09,BTC,447.6109924316406
2016-01-10,BTC,447.9909973144531
2016-01-11,BTC,448.4280090332031
2016-01-12,BTC,435.6900024414063
2016-01-13,BTC,432.3710021972656
2016-01-14,BTC,430.3059997558594
2016-01-15,BTC,364.33099365234375
2016-01-16,BTC,387.5360107421875
2016-01-17,BTC,382.2990112304688
2016-01-18,BTC,387.1679992675781
2016-01-19,BTC,380.1489868164063
2016-01-20,BTC,420.2300109863281
2016-01-21,BTC,410.2619934082031
2016-01-22,BTC,382.4920043945313
2016-01-23,BTC,387.4909973144531
2016-01-24,BTC,402.9710083007813
2016-01-25,BTC,391.72601318359375
2016-01-26,BTC,392.1530151367188
2016-01-27,BTC,394.9719848632813
2016-01-28,BTC,380.28900146484375
2016-01-29,BTC,379.4739990234375
2016-01-30,BTC,378.2550048828125
2016-01-31,BTC,368.7669982910156
2016-02-01,BTC,373.0559997558594
2016-02-02,BTC,374.447998046875
2016-02-03,BTC,369.9490051269531
2016-02-04,BTC,389.593994140625
2016-02-05,BTC,386.5490112304688
2016-02-06,BTC,376.5220031738281
2016-02-07,BTC,376.6199951171875
2016-02-08,BTC,373.4469909667969
2016-02-09,BTC,376.0289916992188
2016-02-10,BTC,381.6489868164063
2016-02-11,BTC,379.6539916992188
2016-02-12,BTC,384.2630004882813
2016-02-13,BTC,391.8599853515625
2016-02-14,BTC,407.2300109863281
2016-02-15,BTC,400.18499755859375
2016-02-16,BTC,407.4880065917969
2016-02-17,BTC,416.3219909667969
2016-02-18,BTC,422.37298583984375
2016-02-19,BTC,420.7850036621094
2016-02-20,BTC,437.16400146484375
2016-02-21,BTC,438.7980041503906
2016-02-22,BTC,437.74798583984375
2016-02-23,BTC,420.7359924316406
2016-02-24,BTC,424.9549865722656
2016-02-25,BTC,424.54400634765625
2016-02-26,BTC,432.1520080566406
2016-02-27,BTC,432.5190124511719
2016-02-28,BTC,433.5039978027344
2016-02-29,BTC,437.6969909667969
2016-03-01,BTC,435.12298583984375
2016-03-02,BTC,423.989013671875
2016-03-03,BTC,421.6510009765625
2016-03-04,BTC,410.9389953613281
2016-03-05,BTC,400.5700073242188
2016-03-06,BTC,407.7070007324219
2016-03-07,BTC,414.3210144042969
2016-03-08,BTC,413.9719848632813
2016-03-09,BTC,414.8599853515625
2016-03-10,BTC,417.1310119628906
2016-03-11,BTC,421.6900024414063
2016-03-12,BTC,411.6239929199219
2016-03-13,BTC,414.0650024414063
2016-03-14,BTC,416.43798828125
2016-03-15,BTC,416.8299865722656
2016-03-16,BTC,417.010986328125
2016-03-17,BTC,420.6210021972656
2016-03-18,BTC,409.5480041503906
2016-03-19,BTC,410.4440002441406
2016-03-20,BTC,413.7550048828125
2016-03-21,BTC,413.3070068359375
2016-03-22,BTC,418.0889892578125
2016-03-23,BTC,418.0409851074219
2016-03-24,BTC,416.3940124511719
2016-03-25,BTC,417.177001953125
2016-03-26,BTC,417.9450073242188
2016-03-27,BTC,426.7650146484375
2016-03-28,BTC,424.2309875488281
2016-03-29,BTC,416.5159912109375
2016-03-30,BTC,414.8160095214844
2016-03-31,BTC,416.72900390625
2016-04-01,BTC,417.9599914550781
2016-04-02,BTC,420.87298583984375
2016-04-03,BTC,420.9039916992188
2016-04-04,BTC,421.4440002441406
2016-04-05,BTC,424.0299987792969
2016-04-06,BTC,423.4129943847656
2016-04-07,BTC,422.7449951171875
2016-04-08,BTC,420.3489990234375
2016-04-09,BTC,419.4110107421875
2016-04-10,BTC,421.5639953613281
2016-04-11,BTC,422.4830017089844
2016-04-12,BTC,425.1900024414063
2016-04-13,BTC,423.7340087890625
2016-04-14,BTC,424.2820129394531
2016-04-15,BTC,429.7130126953125
2016-04-16,BTC,430.5719909667969
2016-04-17,BTC,427.3989868164063
2016-04-18,BTC,428.5910034179688
2016-04-19,BTC,435.5090026855469
2016-04-20,BTC,441.3890075683594
2016-04-21,BTC,449.4249877929688
2016-04-22,BTC,445.7369995117188
2016-04-23,BTC,450.2820129394531
2016-04-24,BTC,458.5549926757813
2016-04-25,BTC,461.4259948730469
2016-04-26,BTC,466.0889892578125
2016-04-27,BTC,444.68701171875
2016-04-28,BTC,449.010986328125
2016-04-29,BTC,455.0969848632813
2016-04-30,BTC,448.3179931640625
2016-05-01,BTC,451.875
2016-05-02,BTC,444.66900634765625
2016-05-03,BTC,450.3039855957031
2016-05-04,BTC,446.7219848632813
2016-05-05,BTC,447.97601318359375
2016-05-06,BTC,459.6029968261719
2016-05-07,BTC,458.5360107421875
2016-05-08,BTC,458.5480041503906
2016-05-09,BTC,460.4830017089844
2016-05-10,BTC,450.8949890136719
2016-05-11,BTC,452.7279968261719
2016-05-12,BTC,454.7659912109375
2016-05-13,BTC,455.6700134277344
2016-05-14,BTC,455.6709899902344
2016-05-15,BTC,457.5679931640625
2016-05-16,BTC,454.1629943847656
2016-05-17,BTC,453.7829895019531
2016-05-18,BTC,454.6189880371094
2016-05-19,BTC,438.7149963378906
2016-05-20,BTC,442.6759948730469
2016-05-21,BTC,443.18798828125
2016-05-22,BTC,439.322998046875
2016-05-23,BTC,444.1549987792969
2016-05-24,BTC,445.9809875488281
2016-05-25,BTC,449.5989990234375
2016-05-26,BTC,453.3840026855469
2016-05-27,BTC,473.4639892578125
2016-05-28,BTC,530.0399780273438
2016-05-29,BTC,526.2329711914062
2016-05-30,BTC,533.864013671875
2016-05-31,BTC,531.385986328125
2016-06-01,BTC,536.9199829101562
2016-06-02,BTC,537.9719848632812
2016-06-03,BTC,569.1939697265625
2016-06-04,BTC,572.7269897460938
2016-06-05,BTC,574.9769897460938
2016-06-06,BTC,585.5369873046875
2016-06-07,BTC,576.5969848632812
2016-06-08,BTC,581.64501953125
2016-06-09,BTC,574.6300048828125
2016-06-10,BTC,577.469970703125
2016-06-11,BTC,606.7269897460938
2016-06-12,BTC,672.7839965820312
2016-06-13,BTC,704.3759765625
2016-06-14,BTC,685.5590209960938
2016-06-15,BTC,694.468994140625
2016-06-16,BTC,766.3079833984375
2016-06-17,BTC,748.9089965820312
2016-06-18,BTC,756.2269897460938
2016-06-19,BTC,763.781005859375
2016-06-20,BTC,737.2260131835938
2016-06-21,BTC,666.6519775390625
2016-06-22,BTC,596.1160278320312
2016-06-23,BTC,623.9769897460938
2016-06-24,BTC,665.2990112304688
2016-06-25,BTC,665.1229858398438
2016-06-26,BTC,629.3670043945312
2016-06-27,BTC,655.2750244140625
2016-06-28,BTC,647.0009765625
2016-06-29,BTC,639.8900146484375
2016-06-30,BTC,673.3369750976562
2016-07-01,BTC,676.2960205078125
2016-07-02,BTC,703.7020263671875
2016-07-03,BTC,658.6640014648438
2016-07-04,BTC,683.6619873046875
2016-07-05,BTC,670.6270141601562
2016-07-06,BTC,677.3309936523438
2016-07-07,BTC,640.56201171875
2016-07-08,BTC,666.5230102539062
2016-07-09,BTC,650.9600219726562
2016-07-10,BTC,649.3599853515625
2016-07-11,BTC,647.6589965820312
2016-07-12,BTC,664.551025390625
2016-07-13,BTC,654.468017578125
2016-07-14,BTC,658.0780029296875
2016-07-15,BTC,663.2550048828125
2016-07-16,BTC,660.7670288085938
2016-07-17,BTC,679.458984375
2016-07-18,BTC,673.1060180664062
2016-07-19,BTC,672.864013671875
2016-07-20,BTC,665.6849975585938
2016-07-21,BTC,665.0120239257812
2016-07-22,BTC,650.6190185546875
2016-07-23,BTC,655.5560302734375
2016-07-24,BTC,661.2849731445312
2016-07-25,BTC,654.0969848632812
2016-07-26,BTC,651.7839965820312
2016-07-27,BTC,654.3519897460938
2016-07-28,BTC,655.0349731445312
2016-07-29,BTC,656.9920043945312
2016-07-30,BTC,655.0469970703125
2016-07-31,BTC,624.6810302734375
2016-08-01,BTC,606.27197265625
2016-08-02,BTC,547.4650268554688
2016-08-03,BTC,566.35498046875
2016-08-04,BTC,578.2890014648438
2016-08-05,BTC,575.0430297851562
2016-08-06,BTC,587.7780151367188
2016-08-07,BTC,592.6900024414062
2016-08-08,BTC,591.0540161132812
2016-08-09,BTC,587.801025390625
2016-08-10,BTC,592.10302734375
2016-08-11,BTC,589.1199951171875
2016-08-12,BTC,587.5590209960938
2016-08-13,BTC,585.5880126953125
2016-08-14,BTC,570.4730224609375
2016-08-15,BTC,567.239990234375
2016-08-16,BTC,577.4390258789062
2016-08-17,BTC,573.2160034179688
2016-08-18,BTC,574.3179931640625
2016-08-19,BTC,575.6300048828125
2016-08-20,BTC,581.697021484375
2016-08-21,BTC,581.3079833984375
2016-08-22,BTC,586.7529907226562
2016-08-23,BTC,583.4149780273438
2016-08-24,BTC,580.1820068359375
2016-08-25,BTC,577.760986328125
2016-08-26,BTC,579.6510009765625
2016-08-27,BTC,569.947021484375
2016-08-28,BTC,573.9119873046875
2016-08-29,BTC,574.1069946289062
2016-08-30,BTC,577.5029907226562
2016-08-31,BTC,575.4719848632812
2016-09-01,BTC,572.302978515625
2016-09-02,BTC,575.5369873046875
2016-09-03,BTC,598.2119750976562
2016-09-04,BTC,608.6339721679688
2016-09-05,BTC,606.5900268554688
2016-09-06,BTC,610.4359741210938
2016-09-07,BTC,614.5440063476562
2016-09-08,BTC,626.3159790039062
2016-09-09,BTC,622.8610229492188
2016-09-10,BTC,623.5089721679688
2016-09-11,BTC,606.718994140625
2016-09-12,BTC,608.2429809570312
2016-09-13,BTC,609.2410278320312
2016-09-14,BTC,610.6840209960938
2016-09-15,BTC,607.155029296875
2016-09-16,BTC,606.9730224609375
2016-09-17,BTC,605.9840087890625
2016-09-18,BTC,609.8740234375
2016-09-19,BTC,609.2269897460938
2016-09-20,BTC,608.31201171875
2016-09-21,BTC,597.1489868164062
2016-09-22,BTC,596.2979736328125
2016-09-23,BTC,602.8419799804688
2016-09-24,BTC,602.625
2016-09-25,BTC,600.8259887695312
2016-09-26,BTC,608.0430297851562
2016-09-27,BTC,606.166015625
2016-09-28,BTC,604.72802734375
2016-09-29,BTC,605.6929931640625
2016-09-30,BTC,609.7349853515625
2016-10-01,BTC,613.9829711914062
2016-10-02,BTC,610.8920288085938
2016-10-03,BTC,612.1329956054688
2016-10-04,BTC,610.2039794921875
2016-10-05,BTC,612.510986328125
2016-10-06,BTC,613.02099609375
2016-10-07,BTC,617.1209716796875
2016-10-08,BTC,619.1079711914062
2016-10-09,BTC,616.7520141601562
2016-10-10,BTC,618.9940185546875
2016-10-11,BTC,641.072021484375
2016-10-12,BTC,636.1920166015625
2016-10-13,BTC,636.7860107421875
2016-10-14,BTC,640.3779907226562
2016-10-15,BTC,638.64599609375
2016-10-16,BTC,641.6309814453125
2016-10-17,BTC,639.1929931640625
2016-10-18,BTC,637.9600219726562
2016-10-19,BTC,630.52001953125
2016-10-20,BTC,630.8569946289062
2016-10-21,BTC,632.8280029296875
2016-10-22,BTC,657.2940063476562
2016-10-23,BTC,657.0709838867188
2016-10-24,BTC,653.760986328125
2016-10-25,BTC,657.5880126953125
2016-10-26,BTC,678.3040161132812
2016-10-27,BTC,688.31298828125
2016-10-28,BTC,689.6510009765625
2016-10-29,BTC,714.47900390625
2016-10-30,BTC,701.864013671875
2016-10-31,BTC,700.9719848632812
2016-11-01,BTC,729.7930297851562
2016-11-02,BTC,740.8289794921875
2016-11-03,BTC,688.7000122070312
2016-11-04,BTC,703.2349853515625
2016-11-05,BTC,703.4180297851562
2016-11-06,BTC,711.52197265625
2016-11-07,BTC,703.1309814453125
2016-11-08,BTC,709.8480224609375
2016-11-09,BTC,723.2730102539062
2016-11-10,BTC,715.5339965820312
2016-11-11,BTC,716.4110107421875
2016-11-12,BTC,705.0540161132812
2016-11-13,BTC,702.031005859375
2016-11-14,BTC,705.02099609375
2016-11-15,BTC,711.6190185546875
2016-11-16,BTC,744.197998046875
2016-11-17,BTC,740.9769897460938
2016-11-18,BTC,751.5850219726562
2016-11-19,BTC,751.6160278320312
2016-11-20,BTC,731.0260009765625
2016-11-21,BTC,739.2479858398438
2016-11-22,BTC,751.3469848632812
2016-11-23,BTC,744.593994140625
2016-11-24,BTC,740.2890014648438
2016-11-25,BTC,741.6489868164062
2016-11-26,BTC,735.3820190429688
2016-11-27,BTC,732.0349731445312
2016-11-28,BTC,735.81298828125
2016-11-29,BTC,735.60400390625
2016-11-30,BTC,745.6909790039062
2016-12-01,BTC,756.7739868164062
2016-12-02,BTC,777.9439697265625
2016-12-03,BTC,771.155029296875
2016-12-04,BTC,773.8720092773438
2016-12-05,BTC,758.7000122070312
2016-12-06,BTC,764.2239990234375
2016-12-07,BTC,768.1320190429688
2016-12-08,BTC,770.8099975585938
2016-12-09,BTC,772.7940063476562
2016-12-10,BTC,774.6500244140625
2016-12-11,BTC,769.7310180664062
2016-12-12,BTC,780.0869750976562
2016-12-13,BTC,780.5560302734375
2016-12-14,BTC,781.4810180664062
2016-12-15,BTC,778.0880126953125
2016-12-16,BTC,784.906982421875
2016-12-17,BTC,790.8289794921875
2016-12-18,BTC,790.530029296875
2016-12-19,BTC,792.7139892578125
2016-12-20,BTC,800.8759765625
2016-12-21,BTC,834.281005859375
2016-12-22,BTC,864.5399780273438
2016-12-23,BTC,921.9840087890624
2016-12-24,BTC,898.822021484375
2016-12-25,BTC,896.1829833984375
2016-12-26,BTC,907.6099853515624
2016-12-27,BTC,933.197998046875
2016-12-28,BTC,975.9210205078124
2016-12-29,BTC,973.4970092773438
2016-12-30,BTC,961.2379760742188
2016-12-31,BTC,963.7429809570312
2017-01-01,BTC,998.3250122070312
2017-01-02,BTC,1021.75
2017-01-03,BTC,1043.8399658203125
2017-01-04,BTC,1154.72998046875
2017-01-05,BTC,1013.3800048828124
2017-01-06,BTC,902.2009887695312
2017-01-07,BTC,908.5850219726562
2017-01-08,BTC,911.198974609375
2017-01-09,BTC,902.8280029296876
2017-01-10,BTC,907.6790161132812
2017-01-11,BTC,777.7570190429688
2017-01-12,BTC,804.833984375
2017-01-13,BTC,823.9840087890625
2017-01-14,BTC,818.4119873046875
2017-01-15,BTC,821.7979736328125
2017-01-16,BTC,831.5339965820312
2017-01-17,BTC,907.93798828125
2017-01-18,BTC,886.6179809570312
2017-01-19,BTC,899.072998046875
2017-01-20,BTC,895.0260009765625
2017-01-21,BTC,921.7890014648438
2017-01-22,BTC,924.6729736328124
2017-01-23,BTC,921.0120239257812
2017-01-24,BTC,892.68701171875
2017-01-25,BTC,901.5419921875
2017-01-26,BTC,917.5859985351562
2017-01-27,BTC,919.75
2017-01-28,BTC,921.5900268554688
2017-01-29,BTC,919.4959716796876
2017-01-30,BTC,920.3820190429688
2017-01-31,BTC,970.4030151367188
2017-02-01,BTC,989.0230102539062
2017-02-02,BTC,1011.7999877929688
2017-02-03,BTC,1029.9100341796875
2017-02-04,BTC,1042.9000244140625
2017-02-05,BTC,1027.3399658203125
2017-02-06,BTC,1038.1500244140625
2017-02-07,BTC,1061.3499755859375
2017-02-08,BTC,1063.0699462890625
2017-02-09,BTC,994.3829956054688
2017-02-10,BTC,988.6740112304688
2017-02-11,BTC,1004.4500122070312
2017-02-12,BTC,999.1810302734376
2017-02-13,BTC,990.6420288085938
2017-02-14,BTC,1004.5499877929688
2017-02-15,BTC,1007.47998046875
2017-02-16,BTC,1027.43994140625
2017-02-17,BTC,1046.2099609375
2017-02-18,BTC,1054.4200439453125
2017-02-19,BTC,1047.8699951171875
2017-02-20,BTC,1079.97998046875
2017-02-21,BTC,1115.300048828125
2017-02-22,BTC,1117.43994140625
2017-02-23,BTC,1166.719970703125
2017-02-24,BTC,1173.6800537109375
2017-02-25,BTC,1143.8399658203125
2017-02-26,BTC,1165.199951171875
2017-02-27,BTC,1179.969970703125
2017-02-28,BTC,1179.969970703125
2017-03-01,BTC,1222.5
2017-03-02,BTC,1251.010009765625
2017-03-03,BTC,1274.989990234375
2017-03-04,BTC,1255.1500244140625
2017-03-05,BTC,1267.1199951171875
2017-03-06,BTC,1272.8299560546875
2017-03-07,BTC,1223.5400390625
2017-03-08,BTC,1150.0
2017-03-09,BTC,1188.489990234375
2017-03-10,BTC,1116.719970703125
2017-03-11,BTC,1175.8299560546875
2017-03-12,BTC,1221.3800048828125
2017-03-13,BTC,1231.9200439453125
2017-03-14,BTC,1240.0
2017-03-15,BTC,1249.6099853515625
2017-03-16,BTC,1187.81005859375
2017-03-17,BTC,1100.22998046875
2017-03-18,BTC,973.8179931640624
2017-03-19,BTC,1036.739990234375
2017-03-20,BTC,1054.22998046875
2017-03-21,BTC,1120.5400390625
2017-03-22,BTC,1049.1400146484375
2017-03-23,BTC,1038.5899658203125
2017-03-24,BTC,937.52001953125
2017-03-25,BTC,972.7789916992188
2017-03-26,BTC,966.7249755859376
2017-03-27,BTC,1045.77001953125
2017-03-28,BTC,1047.1500244140625
2017-03-29,BTC,1039.969970703125
2017-03-30,BTC,1026.4300537109375
2017-03-31,BTC,1071.7900390625
2017-04-01,BTC,1080.5
2017-04-02,BTC,1102.1700439453125
2017-04-03,BTC,1143.81005859375
2017-04-04,BTC,1133.25
2017-04-05,BTC,1124.780029296875
2017-04-06,BTC,1182.6800537109375
2017-04-07,BTC,1176.9000244140625
2017-04-08,BTC,1175.949951171875
2017-04-09,BTC,1187.8699951171875
2017-04-10,BTC,1187.1300048828125
2017-04-11,BTC,1205.010009765625
2017-04-12,BTC,1200.3699951171875
2017-04-13,BTC,1169.280029296875
2017-04-14,BTC,1167.5400390625
2017-04-15,BTC,1172.52001953125
2017-04-16,BTC,1182.93994140625
2017-04-17,BTC,1193.9100341796875
2017-04-18,BTC,1211.6700439453125
2017-04-19,BTC,1210.2900390625
2017-04-20,BTC,1229.0799560546875
2017-04-21,BTC,1222.050048828125
2017-04-22,BTC,1231.7099609375
2017-04-23,BTC,1207.2099609375
2017-04-24,BTC,1250.1500244140625
2017-04-25,BTC,1265.489990234375
2017-04-26,BTC,1281.0799560546875
2017-04-27,BTC,1317.72998046875
2017-04-28,BTC,1316.47998046875
2017-04-29,BTC,1321.7900390625
2017-04-30,BTC,1347.8900146484375
2017-05-01,BTC,1421.5999755859375
2017-05-02,BTC,1452.8199462890625
2017-05-03,BTC,1490.0899658203125
2017-05-04,BTC,1537.6700439453125
2017-05-05,BTC,1555.449951171875
2017-05-06,BTC,1578.800048828125
2017-05-07,BTC,1596.7099609375
2017-05-08,BTC,1723.3499755859375
2017-05-09,BTC,1755.3599853515625
2017-05-10,BTC,1787.1300048828125
2017-05-11,BTC,1848.5699462890625
2017-05-12,BTC,1724.239990234375
2017-05-13,BTC,1804.9100341796875
2017-05-14,BTC,1808.9100341796875
2017-05-15,BTC,1738.4300537109375
2017-05-16,BTC,1734.449951171875
2017-05-17,BTC,1839.0899658203125
2017-05-18,BTC,1888.6500244140625
2017-05-19,BTC,1987.7099609375
2017-05-20,BTC,2084.72998046875
2017-05-21,BTC,2041.199951171875
2017-05-22,BTC,2173.39990234375
2017-05-23,BTC,2320.419921875
2017-05-24,BTC,2443.639892578125
2017-05-25,BTC,2304.97998046875
2017-05-26,BTC,2202.419921875
2017-05-27,BTC,2038.8699951171875
2017-05-28,BTC,2155.800048828125
2017-05-29,BTC,2255.610107421875
2017-05-30,BTC,2175.469970703125
2017-05-31,BTC,2286.409912109375
2017-06-01,BTC,2407.8798828125
2017-06-02,BTC,2488.550048828125
2017-06-03,BTC,2515.35009765625
2017-06-04,BTC,2511.81005859375
2017-06-05,BTC,2686.81005859375
2017-06-06,BTC,2863.199951171875
2017-06-07,BTC,2732.159912109375
2017-06-08,BTC,2805.6201171875
2017-06-09,BTC,2823.81005859375
2017-06-10,BTC,2947.7099609375
2017-06-11,BTC,2958.110107421875
2017-06-12,BTC,2659.6298828125
2017-06-13,BTC,2717.02001953125
2017-06-14,BTC,2506.3701171875
2017-06-15,BTC,2464.580078125
2017-06-16,BTC,2518.56005859375
2017-06-17,BTC,2655.8798828125
2017-06-18,BTC,2548.2900390625
2017-06-19,BTC,2589.60009765625
2017-06-20,BTC,2721.7900390625
2017-06-21,BTC,2689.10009765625
2017-06-22,BTC,2705.409912109375
2017-06-23,BTC,2744.909912109375
2017-06-24,BTC,2608.719970703125
2017-06-25,BTC,2589.409912109375
2017-06-26,BTC,2478.449951171875
2017-06-27,BTC,2552.449951171875
2017-06-28,BTC,2574.7900390625
2017-06-29,BTC,2539.320068359375
2017-06-30,BTC,2480.840087890625
2017-07-01,BTC,2434.550048828125
2017-07-02,BTC,2506.469970703125
2017-07-03,BTC,2564.06005859375
2017-07-04,BTC,2601.639892578125
2017-07-05,BTC,2601.989990234375
2017-07-06,BTC,2608.56005859375
2017-07-07,BTC,2518.659912109375
2017-07-08,BTC,2571.340087890625
2017-07-09,BTC,2518.43994140625
2017-07-10,BTC,2372.56005859375
2017-07-11,BTC,2337.7900390625
2017-07-12,BTC,2398.840087890625
2017-07-13,BTC,2357.89990234375
2017-07-14,BTC,2233.340087890625
2017-07-15,BTC,1998.8599853515625
2017-07-16,BTC,1929.8199462890625
2017-07-17,BTC,2228.409912109375
2017-07-18,BTC,2318.8798828125
2017-07-19,BTC,2273.429931640625
2017-07-20,BTC,2817.60009765625
2017-07-21,BTC,2667.760009765625
2017-07-22,BTC,2810.1201171875
2017-07-23,BTC,2730.39990234375
2017-07-24,BTC,2754.860107421875
2017-07-25,BTC,2576.47998046875
2017-07-26,BTC,2529.449951171875
2017-07-27,BTC,2671.780029296875
2017-07-28,BTC,2809.010009765625
2017-07-29,BTC,2726.449951171875
2017-07-30,BTC,2757.179931640625
2017-07-31,BTC,2875.340087890625
2017-08-01,BTC,2718.260009765625
2017-08-02,BTC,2710.669921875
2017-08-03,BTC,2804.72998046875
2017-08-04,BTC,2895.889892578125
2017-08-05,BTC,3252.909912109375
2017-08-06,BTC,3213.93994140625
2017-08-07,BTC,3378.93994140625
2017-08-08,BTC,3419.93994140625
2017-08-09,BTC,3342.469970703125
2017-08-10,BTC,3381.280029296875
2017-08-11,BTC,3650.6201171875
2017-08-12,BTC,3884.7099609375
2017-08-13,BTC,4073.260009765625
2017-08-14,BTC,4325.1298828125
2017-08-15,BTC,4181.93017578125
2017-08-16,BTC,4376.6298828125
2017-08-17,BTC,4331.68994140625
2017-08-18,BTC,4160.6201171875
2017-08-19,BTC,4193.7001953125
2017-08-20,BTC,4087.659912109375
2017-08-21,BTC,4001.739990234375
2017-08-22,BTC,4100.52001953125
2017-08-23,BTC,4151.52001953125
2017-08-24,BTC,4334.68017578125
2017-08-25,BTC,4371.60009765625
2017-08-26,BTC,4352.39990234375
2017-08-27,BTC,4382.8798828125
2017-08-28,BTC,4382.66015625
2017-08-29,BTC,4579.02001953125
2017-08-30,BTC,4565.2998046875
2017-08-31,BTC,4703.39013671875
2017-09-01,BTC,4892.009765625
2017-09-02,BTC,4578.77001953125
2017-09-03,BTC,4582.9599609375
2017-09-04,BTC,4236.31005859375
2017-09-05,BTC,4376.52978515625
2017-09-06,BTC,4597.1201171875
2017-09-07,BTC,4599.8798828125
2017-09-08,BTC,4228.75
2017-09-09,BTC,4226.06005859375
2017-09-10,BTC,4122.93994140625
2017-09-11,BTC,4161.27001953125
2017-09-12,BTC,4130.81005859375
2017-09-13,BTC,3882.590087890625
2017-09-14,BTC,3154.949951171875
2017-09-15,BTC,3637.52001953125
2017-09-16,BTC,3625.0400390625
2017-09-17,BTC,3582.8798828125
2017-09-18,BTC,4065.199951171875
2017-09-19,BTC,3924.969970703125
2017-09-20,BTC,3905.949951171875
2017-09-21,BTC,3631.0400390625
2017-09-22,BTC,3630.699951171875
2017-09-23,BTC,3792.39990234375
2017-09-24,BTC,3682.840087890625
2017-09-25,BTC,3926.070068359375
2017-09-26,BTC,3892.35009765625
2017-09-27,BTC,4200.669921875
2017-09-28,BTC,4174.72998046875
2017-09-29,BTC,4163.06982421875
2017-09-30,BTC,4338.7099609375
