,weight(kg),length(cm)
0,2.3422762555249514,166.60045504213804
1,3.4664267041244887,256.9223850829977
2,3.3926096246014454,225.55389513224523
3,4.3897306360551145,272.03409510272127
4,3.9930846294595383,256.8176498109656
5,3.886270196406452,270.33521847491716
6,3.8694363210301006,262.89676800036796
7,4.7267006710870465,324.8991658982327
8,3.5758012084446933,247.22666716936993
9,2.967429718282374,197.3713008431487
10,3.573647591165437,255.95945774385868
11,3.008722925754267,215.77979418952458
12,5.2700468183459765,348.9156899097909
13,2.6302444933074285,176.6943154122538
14,1.1251826023001903,105.42940249276678
15,2.6953661936112017,181.1338294547965
16,3.7342090114388293,235.08464336258945
17,3.570338208816697,243.9624350074276
18,3.2870716769238326,181.83170219308968
19,1.3627823829693932,114.016402910383
20,4.8518627091398,346.55563018221153
21,1.7136256539204535,117.33541980314044
22,2.3984165040908794,174.01914614481842
23,3.131397348501892,216.94941581522966
24,3.320012266668056,239.1796900741739
25,3.3652813758233466,230.956306865286
26,2.4161425543300066,183.06414272655985
27,3.8715825717689087,260.6594914489244
28,2.5775291644141816,192.6133177437463
29,2.7129913863872384,198.42076956439794
30,3.253020627254616,214.4960885694151
31,2.3661779697653573,191.85297326177158
32,3.4539445041824606,238.3236903036427
33,3.8997488156620626,271.2152793614092
34,2.482338954371592,152.42601780982682
35,2.8681178073653513,203.0184917737035
36,2.271729023202216,171.00422187508326
37,5.328252461999323,353.4955121199104
38,4.015456045340233,277.68406254080696
39,3.5639525869862014,235.5993772596957
40,4.197374664268079,280.13330619031035
41,2.1813623333995125,177.87337764884455
42,1.8445393344787766,134.09731215617404
43,4.14762419278641,283.6015311163699
44,1.8995172253612123,134.28866424405606
45,2.7771733581441684,214.41744786165876
46,3.600447054826719,244.84559108890898
47,3.561805313554671,239.22507718505537
48,2.7930569366627105,196.8896513581997
49,2.325514206287383,162.91642916466506
50,3.6970743156981483,259.601348862655
51,3.3829843643032813,215.0945867895902
52,2.5069862058128614,196.13731622397523
53,2.374871760583749,173.41085292051787
54,2.359530836788877,163.7525218711143
55,4.043899725098068,278.1399771180374
56,2.2015006682017204,141.9529708247565
57,3.492151677734609,210.25086703749488
58,2.2168396348469033,141.0137796998678
59,3.6228877423530466,258.50540177245
60,2.4145254939810394,137.3799471153172
61,3.3056364565718312,223.07460997970185
62,1.968685623936472,138.23117368597374
63,1.8475233444421164,134.0855119858551
64,2.993753036031938,209.32951496109678
65,2.7317891162874886,187.27452397081305
66,1.939513290976126,134.74085353999567
67,3.044098202849475,230.18053880962822
68,1.6353408258786237,122.93795275403325
69,1.8577294674045277,107.3409666445457
70,2.9081975773206494,194.26559254256364
71,2.377318677689343,198.13665836270195
72,4.577723491795468,294.26334418757085
73,2.3058187151261973,148.37134553557402
74,1.7378002342926402,123.35061535222489
75,2.037419472083324,141.87339722942363
76,3.8936483906157644,267.2669141474625
77,1.3852236418719284,120.59226954524014
78,2.9399188121217965,202.9339541585229
79,2.117877041181201,174.84351637058964
80,3.7098623669730473,251.93468401234304
81,3.0270932518724334,217.66386553791156
82,2.952691954056091,190.5756181109689
83,0.9539647592346969,87.6093827488389
84,4.488909592646502,274.70679601147714
85,2.5211870196550112,186.15908544410448
86,2.0802560936200845,170.3686383480412
87,3.583607940329758,234.76521684352718
88,3.366685436883669,247.82649272622615
89,1.0271662358764717,65.47566191078448
90,3.116801787013211,208.12651831610202
91,3.7138441357939387,259.36062955545975
92,3.6079295398040285,257.4130064204111
93,5.342145168192133,375.3778702171535
94,2.3311146938292326,125.97857346348752
95,4.0998301696176,304.7279558751027
96,3.7356205443807378,264.9665586541713
97,3.692697293156821,260.68332064126713
98,3.584979425557101,243.60332367102697
99,1.8218728734913858,126.4580238089768
100,1.477262142942704,99.69220904651753
101,2.5635204922019943,170.74051648295017
102,2.4327234964717457,183.72923354679682
103,1.9955426932672184,164.96448059002384
104,1.5207895322295963,136.13372662678597
105,3.97316164861141,267.1822410336992
106,3.88139349733027,255.76309910800708
107,3.499982756985831,264.35544547654865
108,3.260440283768893,233.65046384457656
109,2.120475790596563,129.96522748065252
110,3.292740489636031,203.1200843449322
111,1.4752630549230286,136.3359367711496
112,4.746663539570405,290.30408387224816
113,2.2182680317666845,176.30665772551706
114,1.49342406300589,118.27068692639324
115,3.02820149310853,222.22319740585715
116,3.0416819899426453,196.31484339016953
117,3.8199914599788185,271.71121814612644
118,6.39662254458422,442.0265981398909
119,3.267479728505034,218.21679954644299
120,2.9629690558791064,188.17312805822766
121,1.7407571119047829,115.3084742237665
122,2.4548177632308046,173.46413405649827
123,4.058053743026816,276.6384909560213
124,3.4318121522258087,218.76935382951194
125,1.3037252365917056,88.91258339908345
126,2.0109126895668297,176.79257036971916
127,2.414339247497127,154.49958827608683
128,3.08720971837829,204.56339472738716
129,1.3123882091800445,70.73227846961387
130,1.654318353702674,116.55547122758493
131,4.609895569105046,279.0368737697851
132,4.502579055245073,281.2049065962331
133,1.461064044837705,110.08982449570026
134,1.5552440749558023,127.56347708785383
135,2.413528535542773,174.91486076851916
136,4.888924054270637,293.410312561346
137,2.8999115651303544,218.90695789987456
138,3.8908583337250597,271.0990327320437
139,2.5858377190463857,205.75780470299526
140,1.0628649412398,71.23083722169488
141,2.6661069556839623,209.8900000233142
142,2.9652460107135314,208.54000794259593
143,3.2777463701159606,216.6318523753617
144,2.7658146232114644,177.9724549038627
145,3.884514040712181,266.63875683161854
146,2.075211926548827,126.53816989983268
147,3.525059699618133,259.416686557165
148,2.214348415548504,194.38140401689975
149,5.200631693775726,316.856266036692
150,2.797972942295626,198.91494469810456
151,3.4854131957675727,209.92269597034914
152,2.525223134479773,181.2036505138867
153,3.0612435490509964,206.73922279055682
154,3.16658069159634,217.50166294976762
155,2.6224167199518016,197.34994394912317
156,2.905824605480887,192.1922556342002
157,0.5672810957626435,65.01783691810661
158,2.969781082526485,221.17990886390763
159,2.3369997824518727,157.16582582841346
160,2.4465246561919205,181.26280668641027
161,3.532606347691331,236.9176140546848
162,3.0743344394222207,246.17768580646236
163,2.0664942624490092,158.63650568232094
164,3.465761500353182,235.680800801814
165,3.632577046276986,248.45965644831335
166,3.8598026193474264,263.79216693982596
167,4.530099935184948,292.4826514417359
168,1.715218092912561,94.33593529924501
169,2.6307666114245456,177.55335026518415
170,4.006069819558729,274.70976789674273
171,2.0476560175609255,153.79537213829377
172,2.3679854878588515,162.87267869878997
173,1.7089974941316,121.94022733181558
174,2.749560148372301,182.66441963229568
175,2.488822004536902,182.967991483669
176,1.5279281030783893,121.28688322744888
177,4.05031290304443,282.8009805180148
178,4.098992369149455,276.34499063822517
179,1.8628807360183115,137.10181434827544
180,2.6688636172221716,208.9403914330542
181,1.9960909689095379,123.6672106473624
182,3.947942587170627,293.56575572424254
183,-0.20017451215299253,1.7980528600468233
184,3.4296412927788023,223.52641191412954
185,3.2361235668879527,204.25306310789395
186,2.883813348377009,186.3630757973608
187,3.4159434079229207,224.77211387406552
188,4.138747010577143,268.3086736319287
189,2.4186332032174054,167.76130229265203
190,1.7188239266561167,140.41739540902674
191,0.9338346987766499,71.4566541850366
192,4.021909673028929,265.11344340742085
193,4.232122044742437,252.0246890215101
194,3.5124090133945596,233.9036970483418
195,1.1918031190716603,52.881852134571574
196,3.841647707413894,271.5489709271765
197,2.2932539483353587,138.0290966691118
198,3.0715908211129905,200.63769247354355
199,2.511329992004183,174.41199951160624
200,2.3451634296033994,190.53005445025886
201,3.5551872176575503,238.49036046017113
202,4.301178153987543,282.398319985514
203,4.275058737808897,288.9272324299204
204,2.036676123552589,140.10288281077948
205,3.0607794237794756,198.4398012353236
206,2.296765745472191,140.34357750620376
207,2.4218696606027876,188.46128258621542
208,2.7731307586230196,194.49943409983496
209,3.76843538518835,222.79041216203265
210,3.056759148700477,204.0641031088961
211,2.5030077838277514,178.88211930123592
212,4.596612406725107,288.3571138860541
213,3.9820932160848312,258.0675450567133
214,3.634123889329309,247.40744326775751
215,1.577091690748052,115.9684054308857
216,5.012689960997898,327.750780078155
217,3.631292636317291,262.19122518090546
218,1.6259317494723622,108.607839868187
219,3.3791373132814995,223.96218966643067
220,4.928561233988979,343.8726774537382
221,2.567374862972622,173.822129050154
222,2.8588442393817064,179.3174458778847
223,2.7189613276698985,197.3508968654811
224,0.9082112672177209,76.19706938801471
225,1.2748326225468083,82.87391770694695
226,2.5778768297932064,174.3476061222414
227,2.789928032103714,207.1415635207213
228,1.8962175823568752,130.6103733437072
229,2.884584261089771,211.80851191997664
230,4.715245696637217,295.1629939380498
231,2.662213470087873,201.99085800079678
232,3.2498976893235474,240.92416894373463
233,3.8402112648346325,239.37693979536905
234,0.7021848978170628,79.51440925350124
235,4.772529510171932,317.49583598788035
236,2.842931836116894,195.75954649152723
237,1.7826792090152614,126.90653368379624
238,5.016576673184144,339.7888773631472
239,4.891480181120318,333.1784393612628
240,3.261677219560815,227.93614225912688
241,2.5521140400632474,185.03571597139802
242,2.1494916462613176,141.81258645831667
243,5.431814757971451,376.99174479601504
244,3.4903623056388042,257.591159323015
245,3.3323623525096084,204.91111510797117
246,2.4966041836034765,166.74906020097518
247,1.9141939662118272,158.46448849885516
248,3.4979825518331156,223.54741887721036
249,2.46507266253232,170.22591188484876
250,3.7772835768089124,255.15368944580632
251,2.1571089469200238,160.98886114607353
252,1.4134709170938533,94.5943612117126
253,0.8103686877004797,42.117564353899695
254,2.405465922682597,187.96977431697584
255,3.396479072650052,236.31539220623668
256,2.8924511104893083,208.22445639516346
257,2.3785078069385177,172.84029235668322
258,3.224105214096085,220.62433734518862
259,2.2050704789095477,167.2088407107847
260,3.824740354081157,232.60826538819228
261,2.961484726205031,185.94306114239356
262,2.9728620111454958,207.78290919428377
263,2.3816884345371068,145.11633655084822
264,2.6582898536176267,190.26250073907846
265,2.4865218859243945,179.79702283537873
266,2.486039779338733,168.8091159344766
267,0.7469954233890075,78.67953443882612
268,4.031866483650863,254.84304736886935
269,3.312935979827391,199.94187791183336
270,2.6174624577702614,175.290011897483
271,3.306399712707444,210.59227797661677
272,0.7538221900261086,58.74252045331505
273,3.4759267761370727,225.80557264969522
274,2.5161196995880717,146.82305276015637
275,2.487093484609182,168.53106244989436
276,3.7971359010440118,248.65990078532303
277,3.7956786785889647,231.79936495033533
278,3.4010353219060825,227.92756219795473
279,5.097359368238184,340.459854312767
280,3.4460733091308313,249.69048458366296
281,2.918573708795774,226.70528883580863
282,3.0574533610563184,223.94951192367503
283,2.1160719514135353,168.02764272842745
284,3.9281933970309213,267.4721198996207
285,2.1033463152933676,145.121212010573
286,3.2266252267592694,214.5392400318307
287,3.1338671251148327,218.75533313053174
288,4.0394704076777055,285.5640460865453
289,2.8672838834735503,192.17208277917956
290,1.860261845935291,131.9887600301776
291,3.3507087461750533,231.05004174795118
292,3.887983770044165,268.78024438713237
293,2.5240094578497128,164.2929744540002
294,1.8710544190241842,115.60470969084594
295,2.191202051189002,166.12234065908615
296,3.283392015789625,214.0570334920742
297,3.083311112158922,219.80449104152058
298,2.567879158413304,192.97802018883948
299,3.6835469440751845,247.0846876307152
300,3.9622782585060756,272.7323846898558
301,-0.04303343460320308,27.140869051202344
302,3.065351449962886,236.72548607558605
303,4.243345165960408,300.4728065356846
304,3.2037080428390867,237.87026005700733
305,2.405833869187733,159.2650297728431
306,3.246614453018432,236.04821590600818
307,3.334630267852918,233.97281910046678
308,3.27456035886682,204.98259637634166
309,2.8887864113777653,214.04980719527455
310,2.517360590156565,185.47633041382934
311,3.555254686582078,240.47451737907983
312,3.8173981169536995,275.6138548935762
313,4.464514555407472,303.05905909181917
314,2.732891503654267,152.48434883868475
315,4.955012677960187,343.83783277947776
316,2.80796843121011,173.3614652328602
317,2.5883608114936005,173.4309550047298
318,2.740923094337333,180.5831752272279
319,2.9414113221428013,169.32352990277911
320,4.631786638396212,301.41839512884474
321,3.0618380497278923,195.73642155036498
322,3.0617163866463373,199.4598885707319
323,4.875179613208076,320.73979180123143
324,3.918108756436133,247.26164495418357
325,3.981568394424877,246.77998158275946
326,3.433353839519029,253.17014840515958
327,1.980166254722212,133.98853925999407
328,2.4298745138451032,146.64381259502443
329,1.5247494142864215,101.32850775153469
330,2.9345543654042077,182.28818532003885
331,3.3359680846958044,246.33712506387945
332,2.243593172562419,139.02753969007267
333,2.7545565225941058,195.26201848780985
334,3.1927305741480874,243.54239575683266
335,4.256541883659445,283.52433116248346
336,2.3244825352021303,182.52215128996104
337,3.664837133316432,251.7065905523447
338,3.8311623649025908,240.65435709037848
339,3.0584286610599984,196.14700869758417
340,3.636639301240719,264.3393679687528
341,1.6274661088585607,91.41323148258869
342,3.0346054573865766,213.4420859482777
343,2.1906089159197717,164.04625755061488
344,1.9203129346344878,150.5910283787366
345,4.161121633158456,287.06088212715287
346,4.082395375850499,249.0045723445309
347,1.3698675451362512,122.6825685940511
348,3.470882720865604,200.6869244439556
349,2.899624084775675,202.8594499511246
350,5.246660354188147,356.6282302078778
351,0.9587874950636457,74.44320778425566
352,2.0949124870971043,151.80159577625497
353,2.4810131693959345,162.87292092706664
354,4.059988317559817,280.8371707744368
355,1.463094847876277,104.01246973814389
356,3.0200441374990206,214.02952800036164
357,3.9767086748161407,269.4556274835229
358,1.6700181723637457,146.37832546332936
359,3.361900801541786,226.38720740107323
360,5.288345604933447,354.65966789354684
361,3.5876810407355704,240.05040758054656
362,2.4345119355620777,184.95447123265535
363,3.3830081183958107,216.6399924303756
364,2.2690720907578936,172.1048499405302
365,3.276038359100826,227.6971615561124
366,3.5154748666436912,248.98534624850856
367,3.0697598172862746,213.675149824654
368,1.897293957399446,162.2224093472605
369,3.703943164836472,237.97884189254228
370,2.894446987593346,203.58182734249738
371,3.649536312511345,226.65782576433153
372,2.9909797988620683,190.6707690854094
373,4.035790118139049,288.1188660906571
374,3.0589189129568375,229.70849897241436
375,1.034924609529634,97.0228728036312
376,1.302294817645151,78.39408394711958
377,3.5722293655919035,234.72784835191553
378,4.167064905128093,290.32000747138346
379,4.208002586552441,279.10474116861633
380,1.4587956017106203,96.10670791313032
381,4.688284961286012,301.61223929741243
382,1.8572278717657245,124.24650864444622
383,3.540065617671474,262.4149826470135
384,3.802680961666604,252.5467855552767
385,3.081616204186716,198.82480156851236
386,3.0959038110549963,187.33458661151425
387,4.806184570089922,331.2676392119927
388,4.318335776489759,266.610250412456
389,4.395456597674992,293.376200067601
390,2.6311166129396684,182.45960965979285
391,1.787346798023886,121.76703313693831
392,2.8779869769740287,194.8369770356845
393,1.4970870665817946,121.59566080336576
394,1.8599431060262377,151.8579053303278
395,1.283680395231425,103.89001115738587
396,3.3821443435618495,247.9655978193662
397,3.2421109019307552,193.1549820531476
398,3.482086742275068,236.895083802771
399,2.5947434775201885,198.2128646928119
400,2.4346998373204887,196.0456250807756
401,2.1725895492840985,141.5809293262372
402,3.3940868008088327,224.0852117390634
403,2.1206575878107676,145.27281259707456
404,1.2445537993499651,94.02522805410867
405,2.954049172914616,210.17062723242017
406,2.496436876880001,179.98644120282273
407,2.8188387107186292,199.3253189690916
408,1.9736266221418963,125.6215148731828
409,0.7377911198722247,34.037709665944874
410,4.240181304313407,288.6612193787207
411,3.8964634076558675,299.5066654179964
412,4.307044206935453,305.5701763998131
413,1.4770830485334852,114.1958267757646
414,2.1085573796151733,140.02218973554704
415,2.8496484551673444,197.66109559823622
416,4.593341698035377,292.64434855393586
417,3.8139102920984875,249.47621267204823
418,3.0517148258196753,203.18251721282186
419,1.9166546281541281,145.46722926560213
420,2.6299164405764923,172.4033586372332
421,1.9623683730005563,145.72623146856637
422,2.724664155237373,191.6296874108419
423,2.8675430352224067,175.49094265823052
424,1.4708773586788224,144.55269255031675
425,4.064012057320602,254.30243200800837
426,3.1566935407215704,231.51043369985592
427,2.5603596652133302,191.72009130624238
428,1.739872658081481,100.74110120690736
429,4.4942957806236565,319.77947318664474
430,3.1205299406075007,198.17035403553137
431,3.319055773152829,237.86210272479642
432,2.7749787807466393,183.53518581976883
433,2.2005028649222096,159.86314113532902
434,2.524033427510927,178.24949602879602
435,2.648735677015748,178.2774594199612
436,4.391721532987788,296.7898070807326
437,3.957508878669231,249.72083840036686
438,1.7656552492971804,135.27631441015143
439,3.190336232174985,234.70179669636002
440,3.3948765966766774,232.06270716054482
441,3.2793881548471933,197.86320277883345
442,3.2268599016871398,214.51221146087119
443,1.3346375288234416,93.7153683212845
444,3.786700036714858,250.02771778219721
445,3.8684747321706117,230.00511508633397
446,4.039997957509498,258.8181104936515
447,4.317052832531248,296.3747563560913
448,2.757301247554479,179.75385057094326
449,3.1815761000281704,222.56218490422003
450,3.3068526392754527,233.77870275699127
451,4.451445746882879,309.8711839331072
452,4.606132551780231,331.021632107743
453,4.909411988263219,341.66849225065755
454,4.029922326267639,302.15456643638424
455,1.518916890337747,83.40093916941348
456,3.221483088802616,211.8638950996199
457,1.5164661044710164,121.06502710334867
458,4.102332766497183,275.2663249992085
459,3.273077494770061,241.30086543174113
460,2.3314252022196897,194.2168015703703
461,3.198087784813013,209.71371741523427
462,5.312127920609029,328.5429921519035
463,3.0065281960570163,197.128790358315
464,2.2233337531369135,153.51489584441558
465,4.1714396420480035,254.95716597104536
466,3.1920752545845916,218.28175300167922
467,4.663018768244704,325.8142930619738
468,3.650982549032957,245.05621675081048
469,4.089297078648873,267.89086062208
470,2.8556387133180445,214.0469865848087
471,2.699896609534334,184.65321000611954
472,2.3593980946920428,163.6883220692884
473,3.4159843526076985,222.17905681574848
474,3.71475208017868,282.57515228850406
475,1.6182526049657202,139.30181508507667
476,2.621720136770339,182.94205561305677
477,3.897759102933169,256.8408334841868
478,3.211354482860185,223.96104740664856
479,3.2552784783450073,204.35362538783207
480,3.200379103579824,192.29940392058134
481,5.128151822815605,320.40926416142145
482,1.2899649254103525,129.3952104465459
483,2.0438578197334607,148.19657398402074
484,2.5400509615351545,176.62484355721529
485,1.4467018858053762,150.54427253360927
486,2.13048231758462,156.82144474211557
487,3.9757568755416592,290.06664784641913
488,3.1379866415481485,218.88198352349835
489,1.4327057750050887,120.18892021074909
490,4.024097863801783,267.3094559755635
491,1.7789082089148682,131.42614504961466
492,3.2680711751504914,231.64656562342694
493,1.960755668122122,174.58832345840642
494,3.6843824396165563,253.36752203168467
495,2.433973502096314,153.36882593401464
496,3.3384966235201703,192.83459807102213
497,2.5692888000861918,164.69037772835637
498,4.386000073422165,308.73708428731516
499,1.5860720813343496,89.18470688591933
500,3.4676316198218466,227.89554668500006
501,3.1222916728829633,223.02233838651247
502,3.685337322839227,235.48426944417687
503,3.4772812458730695,232.33330890053514
504,4.244595771394719,288.6972849863411
505,3.2567246715512184,241.0922193072647
506,2.5264029904358773,172.16639374980832
507,2.2178756664628305,152.373746488343
508,4.383396324025063,303.5986946030776
509,3.3097702082901588,238.9254807040391
510,3.1758694375336964,225.52896952533882
511,3.8742735107035546,256.42100780505956
512,3.516307915126053,234.72379423979282
513,2.423507227764701,193.7802185058048
514,2.7812889596252797,208.72965245262102
515,3.4715915643164488,245.74235091513216
516,3.755575962456583,243.40765779109756
517,2.3724327726449546,145.15812573733993
518,3.516528049023148,230.29904505760754
519,4.794278423490607,321.3380356732076
520,2.4887961792076894,185.0778757129911
521,4.586636082554558,318.9164900655707
522,4.187690108285638,269.4225168310911
523,4.13894527581294,275.2193941513773
524,2.086843678310474,130.6498435595065
525,3.1872418691135946,230.42262428950562
526,2.49264791906214,167.58518902516386
527,4.7899106612243765,324.1250067104427
528,3.5019521081323575,260.5505495540317
529,2.3681372453196246,173.59223442250754
530,2.3821660892761116,173.93010464656516
531,1.614169900769125,141.2817140991802
532,1.3477398693280287,108.64868639673381
533,2.498897731376503,167.5869527716197
534,2.3777046312506065,179.12184418383453
535,2.6944017221436014,171.1027282146755
536,5.817274347773024,388.05995414980885
537,3.887970495050856,251.027821093476
538,1.6470404680136541,119.7002971802739
539,3.0802463752162996,235.73857196739684
540,1.0100621218295258,70.1987015790427
541,1.7712758822460797,150.66693476709835
542,2.901035743092829,207.40208409436593
543,2.871592947781139,193.925884560886
544,2.2110700141255832,152.39108919557236
545,2.5190067707007384,182.81471394559702
546,0.9188126876438885,60.80282911365083
547,3.2898350077290135,214.76180696288824
548,2.8192247182994428,157.10441311329095
549,2.2639433135688156,162.44891310162774
550,2.388204487545316,147.83982754991618
551,3.835558450962621,255.87922963377608
552,1.7718036895747697,127.90582054677239
553,2.1981140421799825,159.0304171226432
554,3.594956247651948,235.93924311271707
555,2.375664007382359,173.04935325209772
556,2.173847001999654,128.84035234283803
557,3.1986111862534776,207.0487253050037
558,1.8303753542699983,166.50707322976905
559,2.8437762012297765,182.4475530256656
560,2.2817097611465122,166.4105869814587
561,3.6210736767454392,252.32840042291156
562,5.6609616225726125,371.35648395640374
563,3.716004884272068,232.96227395162157
564,3.1434327054289586,226.36813657143188
565,2.1242616963769887,152.1905643846381
566,1.744900224340729,135.2165534888415
567,1.819767588841814,118.46081052046661
568,3.253239245095677,241.8681007918109
569,1.8077539789610102,139.65093353980345
570,0.40226635418087,61.69693610083553
571,3.326064094930162,214.4423335356451
572,4.993371237607291,342.2315553983208
573,1.6853064135738527,158.62852491592108
574,1.4250310789060594,108.133393876075
575,3.8373041765303295,237.45610954027174
576,3.1114300491176023,206.87034233161896
577,2.788342074418973,160.39287360348615
578,3.7797232642104563,276.64101075992573
579,4.494400380408191,291.7305951310485
580,1.6828411441143658,130.65489645943921
581,1.4052658942030025,139.7928865972939
582,4.831900200037843,307.89831129152327
583,3.3256749536194956,232.93181300574724
584,2.5254028654845952,171.49454051761114
585,1.7115435911738672,130.03635589293486
586,2.5119737709736984,203.8147057887801
587,3.7926725419965464,256.4571772962761
588,2.2658455313602004,166.89749551614443
589,2.2428436759289294,185.07206799741223
590,2.4140744905212204,177.62473552966244
591,2.610846174275921,174.56285056650282
592,1.642427841692348,114.87856689136012
593,2.4882242455729013,156.30526738283163
594,1.8101011135425682,137.62155259029527
595,2.001869566113949,149.9358848374206
596,5.103214143786005,334.9825138997504
597,3.021382980341482,177.61093465167312
598,3.118867913667043,199.81361332197508
599,3.3052593103195202,254.1964788925116
600,1.8056519881352326,131.28841305166839
601,3.4756133188946285,244.08551137711373
602,2.8149616376403115,189.51699068497794
603,3.928641608473618,292.0050970962044
604,2.3320203133188375,168.6426981423054
605,3.500352982222837,235.88456894379507
606,3.24127822205815,202.68661042189026
607,3.4202643831873,242.96584283459822
608,4.2870278425549575,292.2205382572537
609,2.0631297673324314,155.55246055605824
610,1.891347541171341,129.84283954997505
611,2.452247907421484,146.59809428677409
612,4.7649653552432065,292.5409464457832
613,4.240575818828305,281.7674966290423
614,2.861438890798861,174.5004629743953
615,2.318640859709789,150.58738580710525
616,3.3140423395977665,217.26963937527916
617,3.3357070820409795,259.1337969136368
618,2.7310691811358336,200.41933446404917
619,1.8929777861831323,131.21522123560916
620,4.253456470842492,267.2369416423577
621,2.041839832297973,158.99168499775607
622,3.0380915407154556,172.78794894600702
623,3.078803334364516,207.35173523196815
624,3.4656596351108253,268.9052270447558
625,2.3596472945411584,157.26596215283217
626,4.5964800593234845,316.90597426805545
627,4.109034611788974,270.085492043837
628,2.9996898539600325,202.78041237036592
629,2.117434983607146,156.13396610637497
630,4.304308652813666,271.0408618077654
631,1.2072956119078613,94.03550574715536
632,3.0706452153194586,201.7812899493353
633,2.86458661262159,191.0789495974818
634,2.768445271028531,204.57720145493477
635,4.592084410979512,302.84523602943165
636,1.755546226454269,124.75271652393299
637,2.8104237956877487,204.98180295894508
638,2.3159726362164577,161.84494285165817
639,4.6578176792978265,284.7570139607893
640,4.264701203861398,272.4033599689046
641,1.6100334119231117,128.73069246358503
642,2.498101344341685,163.60462295766257
643,3.1154441281473155,209.04062941461606
644,6.400894403754209,420.6918010324331
645,2.5447147358332316,186.39319900745687
646,2.2456340545676374,145.90427289489736
647,3.8857905492337466,271.8479670517594
648,3.608020158202404,229.67032475639863
649,3.1955369647008856,234.2448254526544
650,2.2691627127881357,195.41411647047642
651,2.906543098806879,211.35736194739223
652,2.7861893217316482,188.69705908563495
653,4.01649607589019,267.69875378810946
654,1.4925539284421299,124.05994423718742
655,3.056119719544458,204.24015099968884
656,1.9790808314167696,131.96508526786513
657,4.213424129366527,286.68784524904356
658,3.5224818473141877,240.58206874553684
659,2.881961940076706,203.4808090406799
660,1.7033172174848294,105.44819664369112
661,3.0547290883014857,213.93140011331687
662,4.486304734652407,319.25458919107587
663,3.378612753925666,218.96307538708504
664,3.7342351357583787,279.0193535583978
665,2.134982973992549,153.4851662313946
666,2.0001085550819178,141.3612789312835
667,4.752157508942898,314.20949479055884
668,2.8611919834681747,203.62854309225642
669,2.7426723716044674,211.5631375679803
670,4.5574737702797865,299.54062737540096
671,2.0941883299427646,131.5371838783676
672,3.7864763569128774,269.3636651671032
673,1.7227112517466372,129.09345529252323
674,3.515304755451162,241.4287004782536
675,3.8401386463827025,246.08004532283599
676,3.8682824469174593,268.46732947803235
677,3.4736639991753053,224.85301526015556
678,1.7220928729794096,112.21796849524333
679,2.1304866775865627,146.018825796069
680,3.695263665996658,275.0771429871408
681,3.451153572243208,245.97725913965104
682,4.418939181270278,290.44118545185415
683,3.5777129015697944,236.30527799691762
684,4.507102581752781,296.76802520531675
685,2.5310969383232407,179.83148295945682
686,4.748374110243846,311.6331979356354
687,2.3029982697790916,160.31418431447332
688,3.9643167582600736,260.18142140640055
689,3.534360582230394,285.9065004137324
690,3.436640114735135,235.02130111055624
691,3.0073874733927077,213.65206565750572
692,1.6277750424909039,129.32824066273503
693,3.430669791167538,218.5731467378027
694,3.03748856524167,239.94632655680317
695,3.148979409692747,216.3131013322776
696,3.5855919619684906,250.94994992433814
697,2.264202721163749,153.33623799209948
698,2.273491598346028,143.5821912093171
699,2.9335902444580713,173.92875051708043
700,2.8717769116111977,187.83231199988478
701,3.8903510827659935,275.6951237344466
702,1.2400856555701727,94.33362118078755
703,3.545845513154735,247.96296730001265
704,2.92649723610155,207.2370022919229
705,2.7459429941239843,158.46209965076503
706,2.146230576273935,142.97867072058537
707,3.128129724677117,223.99422988502488
708,4.395090624000938,299.8464876889574
709,3.7872660865100802,242.6752306957107
710,2.509164556079081,160.21450320634642
711,3.753867374633578,228.21573587524358
712,2.166161614047521,145.41265688750235
713,3.4817513827235027,242.36904441138873
714,2.81203380438881,196.74647097659215
715,1.0127783787631432,76.98839489778442
716,4.201331466916111,271.6908292282511
717,1.3461373641158036,106.54784608327714
718,4.120080056674129,294.58437403164817
719,2.928271107736462,202.28367239780079
720,1.5821806018494964,106.09806390547642
721,2.138701588153009,147.60604506201332
722,1.026756586959102,80.42641344153772
723,1.540109449400191,116.87203615358536
724,2.5720567861980137,162.42300176546343
725,5.297016343985012,332.6371311853039
726,1.819232622649834,156.15629391974713
727,2.5080424013407434,176.8602530786677
728,3.150023989677644,220.59846670533267
729,3.52968513488399,224.53734874139462
730,2.129144798499991,144.46128071663492
731,3.7246536881933663,250.9165534548522
732,0.5133314312757649,49.65883424358947
733,2.2202367926364546,123.10334051914137
734,3.303959293316238,260.468948649364
735,2.5640225655931834,183.119057607465
736,1.5081050045094657,84.63497165462923
737,3.198692516528822,202.80626307173202
738,2.973092373897036,209.39252064173138
739,3.744036403260533,256.2117024306633
740,3.2909942691548264,263.57203948406516
741,2.2205243333487146,127.49016982822914
742,2.7589504797321207,206.78830736660518
743,3.3295098836629746,235.64037408804936
744,1.7641849801711673,125.23263432413937
745,4.2218925405497965,298.89547699086523
746,3.4346521975718822,225.68836171372044
747,3.5772791138662527,229.06053374253017
748,2.7402425397499366,220.8322863025567
749,2.794459643980473,200.08812187814172
750,3.671837116558215,229.24244431128383
751,3.8530177499783704,285.1840338748368
752,2.4049348423080077,155.10014438227466
753,2.15392854576203,157.46136661358932
754,3.2100697140944097,204.4181805660373
755,2.567765695883998,168.4016012861719
756,3.6301187644260677,271.823636490426
757,2.413086910375609,182.7601297167574
758,3.506784420683843,251.06639477754226
759,4.201811643782881,274.7866206271595
760,2.153295840786339,157.07622292998093
761,2.0784344465718263,135.52681610853028
762,2.983214924041703,193.46091089601225
763,2.121319851401271,147.62485640155091
764,0.32664928289953865,7.528627390468756
765,4.929015591814483,311.8091389958781
766,1.86721538554655,135.92165943365575
767,2.7036019267808373,209.263711603678
768,3.5545489218547646,263.72536870863087
769,2.1194336796562863,144.96764398958277
770,3.2770406650313904,221.45963071398785
771,2.990244722634405,206.28911068929102
772,3.6782439875640445,268.4605867597136
773,2.8064538878554735,231.30524451470671
774,3.5519678046756766,240.68643509027183
775,3.9266432875107173,260.07689556494296
776,1.2405274131779669,98.57652007023458
777,3.3079706422769433,221.9113202140948
778,3.9692951105212297,269.2372643811303
779,2.751399834388099,177.02242851176902
780,0.850997336157735,79.2171035330409
781,2.613651755766156,193.31433710128175
782,2.9970915648799084,174.37957471196978
783,2.337081938396893,173.46242071729728
784,1.959903319797469,139.57257855787407
785,2.5796680859871954,179.5150770906625
786,3.3697539180803036,223.13107462524908
787,1.3044704406287186,123.99623595681312
788,1.8994966946338505,152.67838632633712
789,1.8179924057046568,123.15673674460827
790,3.462013088919016,228.08377448896468
791,2.4901282637937707,221.33467259314926
792,1.984934012379385,141.26075574809033
793,3.538858856070834,256.52389159772304
794,3.411255282791223,240.29589244029245
795,3.3816988454923993,235.07909020231904
796,4.493874417910602,304.54139494520393
797,1.566381372853965,115.15654572929397
798,4.396454465653267,317.0960737128136
799,2.8543655763462326,182.28775266827552
800,4.129307632357778,286.39738053682606
801,2.373383227678798,152.863482449517
802,2.103504819168765,127.57868857177507
803,2.5752078878520703,156.0542674835667
804,2.0331533888374587,116.73469594145533
805,1.5548228207059374,116.33364421829874
806,3.697132728195963,236.60108333245094
807,2.9481258169850983,195.71657282701293
808,3.9094266535162983,250.4434505758669
809,3.271347819753208,249.55580043945582
810,3.2412566870357793,227.8898630107223
811,4.2637634207413,292.20495567564996
812,3.5514673909669883,246.42364816255827
813,4.616842362120109,296.8173332650671
814,3.064582600800093,222.52729813026752
815,3.3279255950337525,210.89069714285253
816,2.512527994736775,214.04570509001826
817,2.698289325015257,189.92083667464257
818,4.129212667652466,277.5084909641334
819,2.0532040657556787,152.81150493457676
820,1.971551754920707,143.66476220988682
821,2.7123358461891764,215.5849713117231
822,4.799404052050205,311.64534865153274
823,4.8416821963877,305.1789178249867
824,3.0441565425466988,203.05332843978493
825,1.3554087895846303,94.2586533859381
826,3.663201806870106,250.703366831824
827,1.6373029677497526,115.07224474093314
828,3.7981136488223073,264.4878850015639
829,2.7999365848023445,180.56365514783363
830,3.663303165884326,257.2974975868557
831,2.1129134799751976,175.19207447426675
832,1.993459304857729,138.33361989181788
833,2.588852776615918,196.7723456805763
834,3.1326827118589473,192.77936948650677
835,3.276380420820492,240.72758330289832
836,3.623588762613941,253.94334343367944
837,2.621129678126337,206.46439488508878
838,4.0626965114484035,292.41796983898234
839,2.562504101629365,179.90588047770441
840,3.5624182524274994,244.90544049809648
841,3.9412998780804647,283.7201986270227
842,3.3372479631817926,238.48409559203577
843,2.445375485391884,180.76068845675638
844,2.925202365373332,193.81666448007343
845,2.1298327826749395,138.63319899737584
846,0.8723440136343283,47.276049246151445
847,2.844953534781111,213.48411597879846
848,3.526255301842241,267.4859442382165
849,1.7961796104061756,135.8623344377317
850,2.833793922861652,205.8690755992619
851,3.1747591490987963,213.9001534655056
852,4.347926150794218,264.17590427492775
853,1.7753163773337552,122.77291412574726
854,2.85561945323945,227.75398164513496
855,2.650988251453383,161.39440835558128
856,2.2846499019724487,145.61525454403667
857,2.4809906412755316,163.01164435610707
858,1.6032787910815458,130.45269584270386
859,3.6377569212128456,243.8922875935054
860,2.3500844597934134,163.93710925630842
861,3.969106388628894,258.72377980760655
862,3.387234901554989,244.34805531345538
863,2.517774203815235,191.1673929452315
864,3.2881881104583166,249.80041459343778
865,5.382898581836022,333.0541181033178
866,2.4644818387606646,168.82230451151895
867,3.2034567639853195,234.38192800330586
868,2.6825227885705267,158.78209381167963
869,2.6774319539743923,205.178183347281
870,2.2353379991232765,160.82776667522617
871,5.120109819452878,346.7274849215023
872,5.380890055769575,357.43994033060926
873,3.631233053090586,253.78432070357616
874,1.928854075075566,134.68679800580236
875,2.0943517516919132,150.5697137904323
876,4.1461151180573115,266.41788765537115
877,5.001959473307366,315.1324970088602
878,2.0909536681729075,158.79337214245618
879,1.1644757074383112,93.984635457831
880,3.4610150201389778,256.63686841220726
881,3.42806275434069,207.01246405202687
882,3.27283859243616,240.33214465506884
883,3.556955610771547,247.0670025984666
884,3.1233413942711117,229.6499796618287
885,4.836588399666848,305.7662751026966
886,1.4674563617261185,98.0402389673085
887,4.985377475746589,327.378583821256
888,4.15557828098327,279.4823061362842
889,2.605667009600904,170.87085445129904
890,3.9000967574460352,279.2025684933682
891,2.760262865614627,211.25504537171435
892,4.670007205097523,323.4697345223459
893,2.852655370330936,185.63141557062545
894,3.778113536814157,223.5139378022166
895,3.5006651205838044,243.59234768918475
896,2.8648263888777143,163.43270840342376
897,3.2468200208230766,206.94778275125236
898,4.067194444759064,257.10270284962616
899,2.0838982410516773,152.9869086544757
900,3.2761547073636024,218.8548488623607
901,2.0249665022307197,157.4403108290665
902,0.8720106408751898,70.6118880190869
903,3.513508725108089,213.90063056455517
904,3.868252625199945,229.54696458186157
905,2.3249373140991683,165.99570518304557
906,1.6464702780958869,119.5062673326715
907,0.1368353410049692,36.318506938649335
908,4.911721501841361,325.32469434527803
909,1.7214823044968612,149.6721369727101
910,2.1251119834711427,188.61396668411203
911,1.478267408679681,104.27012767116705
912,3.549956459730301,234.5089051013742
913,3.7510268960251953,262.0536413459017
914,4.265387218573714,300.4418280531984
915,2.3170717566059253,198.28453712452773
916,2.5030262570497985,171.35003454634438
917,2.6478219975825725,180.72192755830469
918,2.03448210460078,155.4871035073217
919,2.229565793847029,176.85073155551578
920,3.181744004771837,225.4220377134918
921,2.5699948777167183,171.58033923390514
922,3.196455914571202,205.11239055244337
923,2.8301328684649683,178.1898689616143
924,4.00588933468779,267.55326570325826
925,1.803264709657099,116.4766055954783
926,3.6675845650157566,288.34864710100607
927,2.801826086996201,167.67200090882216
928,2.4363105774277702,172.8519327044399
929,2.651742515226351,174.15856166824403
930,3.946251881352359,274.2960581930316
931,2.572624198359141,154.46921497473267
932,4.89735044754878,346.2075674652609
933,2.7304335968329134,192.2629049696003
934,3.778856035138271,292.3330909094289
935,1.0197512708487595,78.24194370346359
936,2.9390775654171,214.31749543784875
937,3.40454569012951,200.4091091079461
938,2.6818051621143173,197.4649067617261
939,3.234493248305038,222.2343650096536
940,0.9851668561840294,74.30810203245315
941,1.8164711591169216,133.97699488034687
942,2.7427002396818683,205.68935470260593
943,1.9129988958022415,149.0149268847237
944,3.054541266513945,212.62295034126947
945,2.323000906084624,166.02366834915162
946,4.420096191445559,273.82670548447754
947,2.923798946016382,203.55686842344753
948,1.4073993975134185,91.8388651854828
949,4.65503590295261,329.37994762330516
950,4.516515209638549,277.7954695187617
951,3.200484993593771,220.5002527075707
952,1.061291808865574,82.96738997042709
953,1.8032952612988347,139.19714260805358
954,2.7292899369072154,168.28154057412334
955,4.242881329422219,314.35661253903316
956,2.6579592137600354,176.91564348294042
957,2.855593106500112,205.21917879711222
958,4.062682047628429,254.77108461005662
959,3.4625927462760284,243.34366345627288
960,2.7300376942702402,175.52359157776507
961,2.9858277368697226,217.7062089366172
962,3.6055285493831626,221.0447113600032
963,3.5727752203471894,240.12332942357395
964,3.6725316171617415,242.0066127173066
965,2.112470885424603,144.3278285349191
966,4.018270244137442,276.86850520731355
967,4.322073996847992,312.13190833068506
968,3.9621694872268893,284.1316594966878
969,2.8295711387798668,194.21116853089256
970,4.617843298796452,307.59425030964627
971,3.400874851476612,227.75935512285483
972,2.8211729085515103,202.87451862290743
973,2.634682111507863,153.79247581859215
974,2.7918118997528474,243.71289920373462
975,2.4783130769719577,153.98939376740677
976,2.078500225568747,178.88085816751504
977,1.3660566084712034,115.67240359290759
978,0.6112937966485146,73.4535544447119
979,4.046819554435775,297.0953016176965
980,3.2134082166322067,238.31064120990257
981,3.553008803523968,246.05737860913553
982,4.490993848141898,323.3540249482231
983,3.404191362420442,262.97187638009626
984,2.0957027027821002,178.30844069642075
985,0.2398703620151008,0.0
986,2.257531651195429,168.7210548081315
987,4.204140239208321,283.7239817551616
988,3.000148511957198,221.1782603589798
989,2.9933626016490265,186.17634895349255
990,3.646812059261631,233.4710261866333
991,3.732816982540111,245.75771686023396
992,3.963619586123512,289.0366717573922
993,2.926775361575437,223.9024035597619
994,3.3603260207308634,246.78518339390988
995,2.8468741931292545,161.58019458388122
996,3.7833728037331538,229.11496638422008
997,2.4985286927520605,168.25072924831755
998,2.629445830473215,173.03728592803049
999,3.679192412101508,242.5464305006832
