,length(mm),mass(g),species
0,22.544539524401,39.788205232550126,0
1,21.60131752274292,42.69318779245415,0
2,2.5269021474131605,40.52765049957854,2
3,21.591461639268616,41.80247438854493,0
4,9.395280487414976,38.20546951485745,2
5,18.5515957913588,40.34444769241893,0
6,19.76151309942307,42.51289400789674,0
7,21.567710582426532,42.99094212769098,0
8,21.313798106833318,41.37897338693884,0
9,35.356543702061145,57.569578939178726,1
10,40.54564017776374,59.291917652552705,1
11,37.39608381231056,57.27570388801719,1
12,39.78413896868813,59.6960370413658,1
13,36.46545486679797,61.49782980684975,1
14,10.843233584556934,37.040252215926834,2
15,38.36631243560457,59.870495772428775,1
16,21.636831514704024,40.92177253533819,0
17,5.0910430860832685,34.95301614214736,2
18,5.131513442050977,36.88155309996532,2
19,8.851665218680948,36.362414341371036,2
20,6.818885884775079,30.63844511629346,2
21,37.79192919049391,57.895590466115934,1
22,6.5261695890990294,35.65199916373335,2
23,5.114422253713694,35.309177206769505,2
24,22.86700575864272,40.56618792512478,0
25,38.477215483105,57.346627859194,1
26,21.591035903029123,40.66863107927493,0
27,21.755835784741024,41.74047981989318,0
28,10.889611913497584,41.735611514164894,2
29,39.206254256578426,59.517263208301074,1
30,20.423967452169492,44.92063131233091,0
31,38.82520305832026,59.12165404969168,1
32,20.77486792233218,41.63249615325483,0
33,38.754413844941034,58.8033372358522,1
34,20.95250316451657,42.442450987417736,0
35,6.81483376351801,38.499262327773316,2
36,37.82315976786424,59.357893143553575,1
37,6.520162535689914,35.63526367021268,2
38,6.594100919093671,38.16194864019961,2
39,9.10285636251645,38.826498066833324,2
40,21.29543045434277,44.03077938888283,0
41,20.772148953892515,42.416811692519914,0
42,8.137655388614956,34.27391234726978,2
43,0.7955416015156445,37.19439787298015,2
44,6.484645040061685,34.33893186309355,2
45,21.967943102196166,41.14468892579056,0
46,22.500903669775838,43.05093113184455,0
47,38.081677941349966,63.93305934718723,1
48,22.205054265046712,42.10640218118288,0
49,10.349813216258369,35.9846691454016,2
50,37.85655315524041,59.445878623992215,1
51,21.10668837923455,42.201956333211825,0
52,11.071775820711995,38.61396799029207,2
53,21.869033487460495,42.90309313304387,0
54,4.9912928766969635,41.855267231609226,2
55,-0.1268193069546104,35.695513966943736,2
56,23.23531011391955,42.23347725344838,0
57,22.6833890840099,43.43353733826614,0
58,22.306535867753652,43.09350132210827,0
59,20.525990633760596,41.185666543698744,0
60,20.15155303357625,41.89931193829168,0
61,9.627502893599079,34.85131790320906,2
62,36.38834015184659,58.86444883511613,1
63,4.4332058599172495,36.59234400818391,2
64,39.13960719880566,59.57343109263292,1
65,37.51344696886665,58.03429652643617,1
66,6.65925548231768,43.172679314980904,2
67,3.4884603393777613,30.952219046330825,2
68,21.29888493440034,42.87026923855059,0
69,21.72550993175552,43.24492424401586,0
70,2.6273809422407526,36.15990702810649,2
71,20.351463515801896,41.52305347481223,0
72,8.461231407142845,38.919421406637944,2
73,9.336386424897153,39.34336001397488,2
74,12.583913092029784,39.342306654513735,2
75,20.317932401061807,41.16690170998459,0
76,10.146357671005841,35.43845890830647,2
77,2.071278560713388,35.79140975339281,2
78,36.71587337322077,59.011352011135465,1
79,22.077601548018638,41.85904762211891,0
80,35.72673513969152,59.88642450947864,1
81,22.687563207959553,40.63890775187525,0
82,35.76843712687328,58.57509182377421,1
83,3.8102992404703153,35.54203656230668,2
84,-1.3104969256521883,39.77465447515121,2
85,22.906912411701793,40.21860329935024,0
86,38.328918202816936,60.676094361487785,1
87,21.745407232473923,42.488786133274296,0
88,4.577996120262862,38.84006653477443,2
89,22.067905079671114,41.21891756748651,0
90,37.92611302925548,60.09218845960905,1
91,37.001688304612436,59.454489294536494,1
92,21.698397787537964,41.30947996727557,0
93,21.160401940999574,42.17374375489459,0
94,39.153974467321646,59.33267903089307,1
95,34.285973505735825,58.218874522714444,1
96,6.54668452447936,38.279766469600546,2
97,20.35388695036835,43.19352625051209,0
98,20.50577028776314,40.531280229718554,0
99,38.37415840479856,61.090910786924304,1
100,21.19765680849356,42.700322423936676,0
101,38.653079515041455,58.66061122570691,1
102,35.883173250081,58.530899911262,1
103,3.768407022899251,38.7011260839028,2
104,5.2349340064343215,34.20052840054009,2
105,37.56612996086061,56.09477935462394,1
106,20.48017044252514,43.67231324870223,0
107,21.467331680808826,42.852361382523355,0
108,38.58974772921057,59.804084101665424,1
109,22.538504276055615,41.55044345789122,0
110,22.15259980953742,41.62388300337339,0
111,37.15393307141011,59.543509964421986,1
112,8.015328760321026,41.32897959310682,2
113,21.25341758082686,41.9693155167294,0
114,6.1308788361221165,37.940384924787566,2
115,38.55225496306889,58.34366197139127,1
116,22.538378049684002,42.08985205126781,0
117,21.17397953730825,40.993670939194246,0
118,3.7899121662750517,40.23033575697401,2
119,23.189208679535383,42.053593071734085,0
120,35.968208778035674,57.564129589647585,1
121,19.130925036203802,43.193591012666744,0
122,34.55791245600545,59.512970163243956,1
123,22.808859398723214,41.68276706288397,0
124,7.74023566228284,36.07303110092119,2
125,23.164229725914968,41.66722408805742,0
126,37.00602520870492,61.47332102582239,1
127,21.154095126368606,42.30210339507578,0
128,0.9347004866711455,45.052218376919015,2
129,36.17888939477777,59.634425503591004,1
130,38.30437986254624,57.56779396809086,1
131,7.506569456405133,43.242307990910376,2
132,23.452176150451194,41.388006671074784,0
133,7.161260674099938,36.48287487385783,2
134,5.55110721029595,38.36379828154801,2
135,37.75126017335399,59.35909074796234,1
136,21.437369092454684,42.99294656630239,0
137,39.153407354931225,61.47461306414909,1
138,19.33739145277155,42.78905092317638,0
139,21.44782360381042,41.848059771767275,0
140,22.37945412602578,42.472629884924565,0
141,11.255659990555717,36.742076285618126,2
142,38.10786193945661,58.92087806661869,1
143,37.132856516435645,58.04780694070034,1
144,6.676988603210716,42.158062821759586,2
145,7.350522759806912,36.243628536318035,2
146,37.00061499253981,59.777355292444554,1
147,22.411498524329083,42.70603960923881,0
148,33.986730107378776,60.37708151807352,1
149,3.6051555903670014,41.79919077919874,2
150,7.658040380788309,38.93093975136402,2
151,6.578706532021841,37.43759978795044,2
152,34.039482587612305,58.9916592023243,1
153,20.007677160354234,41.50858905399707,0
154,22.271290181777974,43.456554615336394,0
155,40.13129623873949,59.781792727384044,1
156,11.29210626913203,38.31369499568797,2
157,1.9970499889466984,40.84092874746657,2
158,5.805783813651717,41.85727206462952,2
159,38.41000844319626,57.894035808660156,1
160,21.659293131954396,41.23906344066474,0
161,21.992830417833986,41.91547088084425,0
162,10.073556210548263,36.81341798044907,2
163,21.220324408495326,42.75510213797664,0
164,22.51250340354046,40.91276294248791,0
165,37.49086428485821,58.28728503963923,1
166,5.40716054642457,39.54358749204657,2
167,21.115043906555737,41.90053321153532,0
168,20.924532762926546,42.31687528661944,0
169,3.792474514666911,37.91371430412306,2
170,36.75578480487378,60.02431521905858,1
171,7.804274422361029,39.96986361318664,2
172,22.579191538351616,42.609735190506655,0
173,5.436319917030669,38.2402297410985,2
174,35.997419379143665,61.07376096227584,1
175,21.726615972058028,42.67742192765659,0
176,4.96757252802706,38.30453607847457,2
177,39.39073132246347,58.5011961184401,1
178,-0.1574678515938368,33.57341596303304,2
179,7.20894310977369,37.792912529079196,2
180,36.51278652396173,58.32633050681131,1
181,8.026897285924962,36.962950272461434,2
182,8.282583637246624,37.14540542734401,2
183,37.904115224806105,58.35441014509526,1
184,21.545038575492867,42.284753698127275,0
185,3.195600053892606,38.927719672702956,2
186,36.528931578787265,58.98427322813598,1
187,22.182438728734088,43.195494822938585,0
188,5.051952488742686,39.12242891500047,2
189,38.99659490034303,61.48903747755635,1
190,36.322957701760174,60.95118760013088,1
191,22.39999103784603,42.65044644555602,0
192,4.934516961684886,37.705783567518004,2
193,3.5774713246463765,37.84760920339207,2
194,35.84262086745158,57.633940803715,1
195,40.45247867183034,59.50587789381055,1
196,22.47666890070303,41.82100710292817,0
197,38.543131831110856,57.04450788502323,1
198,23.1107237974794,42.04110257778181,0
199,37.318787070123584,60.00541526269402,1
200,39.276506829619564,59.45509759349642,1
201,8.919796372236657,36.50786321177509,2
202,36.85983761199486,59.61555373730684,1
203,20.97286746096915,38.95231387746769,0
204,23.043434727548966,42.23220571292092,0
205,3.552191774191465,39.14476269696615,2
206,20.738542686777354,41.16470666612898,0
207,36.003533913028676,58.61991859757332,1
208,1.8016690151049986,40.69092227080517,2
209,22.04521914054956,43.6848296864772,0
210,21.85439794822719,41.424806340956685,0
211,6.95797869886181,34.80559109087032,2
212,21.96891605614046,39.77584466019605,0
213,22.904739136382975,42.52264983950972,0
214,21.87450151354463,42.86468828317572,0
215,37.045356645575566,59.69962296821663,1
216,22.38959909086847,41.833127234800514,0
217,38.49916888125966,59.20314085483025,1
218,22.30854939966066,42.069550434810616,0
219,21.364652090347207,42.06466230474445,0
220,22.83345471562606,41.34622526786093,0
221,22.182454789391493,41.81750497371048,0
222,36.756353289039325,60.04936272437687,1
223,33.64648249991625,58.223943297455776,1
224,37.644204687664235,60.01959909847758,1
225,22.951491788944562,42.678776449034466,0
226,9.125544271428563,35.81816890452021,2
227,38.10247778721136,60.071437430311,1
228,4.596188291138487,35.5240849604624,2
229,38.11509969752093,59.79331114624579,1
230,39.30403928668254,59.675822705462245,1
231,8.956077123295204,40.54700624502747,2
232,6.25194490541258,42.05850015563952,2
233,37.155889737909234,58.74830795222097,1
234,36.67809772194704,58.71966848734472,1
235,21.08043285342844,40.57749220669446,0
236,21.470224131772163,41.57165515372833,0
237,35.632786103340194,60.7179325168589,1
238,33.85116131317965,61.03347895497817,1
239,21.74850832934162,42.12709073684028,0
240,7.154941860568584,39.89848593190152,2
241,8.769697426675318,39.59353110369895,2
242,10.393678186435192,39.95691519269311,2
243,21.269696356285397,41.58309708989194,0
244,20.089387939014692,41.042262471104074,0
245,2.8330924701187072,34.99667888326199,2
246,21.56583171293477,41.7464561095382,0
247,11.968050691287823,38.65426308355791,2
248,8.508451566215331,37.88395976600953,2
249,19.79324744675263,42.95872041738665,0
250,36.69412139710947,60.0250357595049,1
251,20.883167126705313,40.6160876598111,0
252,3.5361605699983016,36.126456220105474,2
253,21.133483586519894,40.53063647290361,0
254,22.44764126135456,41.746513141642666,0
255,23.456320611702388,42.84497553838027,0
256,2.4404956447980446,39.91524804826571,2
257,36.17815690615299,58.235247948988906,1
258,5.047286224203292,37.25053804572096,2
259,34.03140853190279,59.16184888983539,1
260,9.585246813037621,38.508928051846176,2
261,23.096757885238713,41.93130274968377,0
262,21.958561537024927,41.450148564213734,0
263,19.789945997487813,41.207583043803695,0
264,22.196704897275545,39.73333391175614,0
265,5.901084243833125,37.29710747057726,2
266,22.95012057738552,42.71775648943516,0
267,38.66818838905254,59.039788282980744,1
268,36.445033873311154,60.611280226528045,1
269,22.618930160263325,40.92993858265621,0
270,22.91039808815093,39.46951742414487,0
271,22.59760948179291,41.69093793589935,0
272,21.978969604865917,41.52530863766377,0
273,22.433534227100633,41.0123700215153,0
274,22.812103573910004,43.32721579538527,0
275,38.67535224369602,62.65820003159197,1
276,37.74785629903979,58.359658186396324,1
277,1.8087939694593063,35.04412767321315,2
278,2.234013476794223,34.999960075111616,2
279,23.689490326815456,42.793935445888366,0
280,19.927788028997327,42.32501220068959,0
281,38.42759385154513,58.56937226121151,1
282,21.120822366962106,43.09305069840737,0
283,6.1898653003261215,35.96418463503873,2
284,37.729538545850474,61.61858757897309,1
285,22.30612106220209,42.131275958204206,0
286,4.268701753143533,34.50462655377799,2
287,22.693938671678755,41.24384902254458,0
288,23.03092353281163,39.21113983656166,0
289,20.890899579937606,41.17077917469124,0
290,39.46261896875661,61.52466165705725,1
291,20.47590629707496,42.55552627592091,0
292,22.438048366722157,41.75527001794046,0
293,20.77003664423028,42.911877719319314,0
294,21.7036229631349,43.500925192473126,0
295,3.486160604449959,37.31401684876255,2
296,7.531745194471406,40.21147788533354,2
297,37.51718139490664,57.944964867157935,1
298,1.5741278834670833,37.418456826638455,2
299,37.12433756626218,59.8785564568657,1
300,4.048716778970182,39.53440094626204,2
301,36.88278175792907,56.73003858980193,1
302,2.754511065649778,31.683359912832124,2
303,20.44108810319917,41.21658560844512,0
304,36.93817970943537,61.289192832058326,1
305,39.206596534506915,57.085116315755776,1
306,5.654796565050454,38.963562007217305,2
307,22.055375867545283,41.13003089499481,0
308,9.711179170183987,35.89344428047723,2
309,8.370843486063174,36.62971661996989,2
310,22.2941705697998,40.68803341775358,0
311,36.47386078214697,58.30588563327704,1
312,5.740170925919675,35.47038767112,2
313,5.708777779062335,38.04340294824412,2
314,23.37418199726298,42.95536680467669,0
315,37.05851519271982,57.82815302531216,1
316,21.439974707711272,42.44521304251307,0
317,5.938403174388616,44.43612177157084,2
318,22.531784153167546,42.356517866281244,0
319,36.21830442962548,59.14561875537469,1
320,34.17940118116636,58.92398666095311,1
321,20.58812022325177,40.603879253433135,0
322,3.375653184653074,40.54520033602603,2
323,19.979548005930514,43.48711972248463,0
324,39.1796988653907,59.990983113180455,1
325,14.974908665742273,39.15166009533449,2
326,36.26374817298191,58.358067919183036,1
327,37.6037017539546,64.31250527812051,1
328,36.108744347286866,61.811128195615524,1
329,38.46772555212617,62.49953950456237,1
330,38.69255029289797,60.55673146255448,1
331,6.413090581958629,37.97493195039656,2
332,4.63132337746494,34.209981380977396,2
333,3.1667069022791994,40.162311666285525,2
334,21.87645581853911,42.908190108793264,0
335,6.808467657265918,34.69110416219473,2
336,7.784754227799296,35.77243034529974,2
337,35.26929292879632,60.117166525896664,1
338,38.82541045991211,58.47951426611329,1
339,37.855659226880476,59.34207218966527,1
340,20.332421712550815,40.34663265146677,0
341,36.47916540399786,59.505218481657955,1
342,8.497456637571672,39.243389732212705,2
343,8.964280281035862,38.482433838072915,2
344,-0.4717618550280349,42.33814026898841,2
345,8.16480931504983,38.94692679585717,2
346,38.508872188239145,59.81391466366796,1
347,37.85033079130803,60.75572251201322,1
348,3.7668397324776794,34.42804411763791,2
349,4.888895265108068,36.36992560387949,2
350,38.08807722951045,61.988409589268436,1
351,38.3448246505748,57.25965436471903,1
352,5.10245470377285,39.10654504551918,2
353,21.14025097937396,43.02797628378081,0
354,9.328894683236863,36.85828915647834,2
355,36.017597140685254,61.12750138957261,1
356,20.982174783918794,41.931782933926804,0
357,3.0159021394554415,42.84648901845653,2
358,22.337256803555842,40.951679010971304,0
359,5.175032229251079,42.108127665280435,2
360,36.05672959796074,58.00840753175537,1
361,21.853935267241955,43.15228844568686,0
362,8.851571114831561,39.28548105051732,2
363,21.559752102939328,41.86691416549961,0
364,39.314267675864556,60.03750295795271,1
365,37.63404604382703,58.98476473090897,1
366,22.790372210224817,40.190504461670315,0
367,39.0039543935494,58.70906448370334,1
368,23.7713034339008,39.25671360009235,0
369,37.148412611621104,58.913367228150825,1
370,22.62755025842949,42.06158225511386,0
371,22.156724663423443,43.082678775541616,0
372,4.600204779992774,36.75242927202422,2
373,1.2398875820733348,36.7121031912803,2
374,38.97223845161197,58.95792035447139,1
375,22.184436438767058,41.9739556838387,0
376,4.46917349027059,33.875616618442294,2
377,9.784996471658971,33.74212733538056,2
378,37.68758285590313,60.46053757578206,1
379,7.1136286862888145,36.96909235428834,2
380,38.741844655193795,60.66371586156511,1
381,35.58099236241555,59.41113938546299,1
382,20.977737340845255,40.51552025852721,0
383,22.020148976801746,40.25274568010789,0
384,22.184412622121116,43.440211733561135,0
385,39.3891777255517,59.39886307251449,1
386,35.55475870944368,57.980051869033176,1
387,8.004828287365527,41.26871875282553,2
388,22.12720627874844,40.561116374708284,0
389,7.539115255477359,38.323264137883235,2
390,7.200545869481155,37.99836491866127,2
391,39.49250396583868,59.13332675554936,1
392,39.352173810133266,59.68410791843683,1
393,41.139040164292624,60.15552423052202,1
394,37.98646183097853,60.60284600654067,1
395,22.594931784740684,41.676998106415766,0
396,38.071355174406236,58.967097682521064,1
397,6.631245491956937,35.65306205813301,2
398,37.88360131671481,58.1653404159416,1
399,20.095055500175807,42.36678116301897,0
400,23.959645537297295,39.62878995729211,0
401,20.21525548587548,40.47155649337047,0
402,5.768233092606865,37.97159446394712,2
403,40.766061547030816,60.764452062072436,1
404,22.131568867049786,42.79511644608173,0
405,37.03424853134982,61.27912018263269,1
406,38.76331742322882,58.95818433912463,1
407,39.015347395762696,60.8482955927128,1
408,21.275409169595303,41.270559229657316,0
409,21.725384699995786,40.69592827033359,0
410,22.577407718638916,40.77667847974446,0
411,21.396871666473604,40.54315704000163,0
412,6.602808833514437,42.79109804998555,2
413,8.712676294271972,40.22968836076635,2
414,35.46664981989211,57.66442715470387,1
415,13.198626245638604,40.7421872882252,2
416,6.678761746630464,40.70374949109038,2
417,19.974318422441,41.497633519650144,0
418,35.00806424636532,58.58724562434078,1
419,21.341987274807092,41.53823820564123,0
420,38.42455892963569,57.02594976342398,1
421,23.357572865416824,41.311809700303805,0
422,21.824908879168557,42.89776170160256,0
423,40.95735531777148,58.37636752775744,1
424,-0.03645213784458168,45.12486273033029,2
425,9.542802879597378,42.554339772501564,2
426,22.21380484193865,41.49162149073979,0
427,21.397818324125637,42.859050352855355,0
428,5.803598382297736,32.7596098907243,2
429,37.12328082120201,60.78531415447146,1
430,34.880015153295645,59.51369514673409,1
431,39.80595491014853,55.74282316260895,1
432,11.866116891599837,39.423377764723995,2
433,22.313854985065777,41.419976839129625,0
434,2.5880163058335945,37.38867384798625,2
435,38.820193028958364,59.184313154655975,1
436,22.201739207804316,42.01651813332949,0
437,5.023375932651406,36.815809338871226,2
438,8.572905139681243,36.44859062101886,2
439,9.669663252578124,39.16600989476011,2
440,36.83172383827274,55.91313712811421,1
441,36.888862558010366,60.111288600856994,1
442,39.67022989783158,62.43583786963042,1
443,5.9514338359882935,36.16123301779297,2
444,9.893744228789089,37.0156661164915,2
445,11.19398443274498,38.107339446837045,2
446,36.41393573318882,57.97869694380451,1
447,39.16803917294221,60.56487625008182,1
448,12.268560536595789,36.20029076224365,2
449,7.283520919226839,35.179348301268476,2
450,1.3321251554561755,37.64913652663686,2
451,6.248054690222769,36.59343137558852,2
452,5.262862252905514,43.016907568921525,2
453,10.503986295770128,35.05195000055838,2
454,36.98474429566062,58.31317919851504,1
455,38.64755481938018,58.144953831197164,1
456,22.941857562422104,40.048852072624186,0
457,21.58380372453943,41.79794261325373,0
458,8.113826492893988,40.26284881613408,2
459,23.634167471656344,41.507681411935266,0
460,6.864213728953413,41.24623107766785,2
461,37.1574389656775,59.80296226434727,1
462,38.694217290073,57.968588366060374,1
463,37.54713534470429,59.39766488216473,1
464,20.11701213185902,41.10557587490867,0
465,39.14313050982783,59.78505375290779,1
466,39.52411177532849,59.50768837868433,1
467,36.61731943994845,56.71750567196354,1
468,7.306678902027965,32.19911762233227,2
469,4.010962534808497,45.90603052772636,2
470,8.592053417595746,37.54952511848641,2
471,7.782344754844557,35.23667929275889,2
472,37.463925889253915,60.48298933349918,1
473,36.012939382524145,57.12294011020567,1
474,11.039312321779034,39.1635016569193,2
475,10.379920501695324,37.84675533115612,2
476,35.23209486406353,58.02947211648328,1
477,2.0694797274756915,30.304163791381644,2
478,21.2906116069452,40.341061390049475,0
479,22.121333590249456,40.898243555468824,0
480,21.005826262947252,41.93817209611536,0
481,20.854768834230093,40.29632429199516,0
482,37.890086109430904,60.92109044225118,1
483,35.59376811237255,59.64354909596892,1
484,20.370515433115564,42.17527750505864,0
485,20.923585745344713,41.198293262520295,0
486,4.449388292056375,43.72313852853424,2
487,20.477670884589347,42.82884661231082,0
488,36.858596793716735,58.32600440717105,1
489,21.642137670610666,42.36640693487616,0
490,38.10809053136725,60.70360604794678,1
491,21.215854889472016,41.51488924888367,0
492,22.1796379852746,41.88637665910106,0
493,35.534816284334376,57.41611892672014,1
494,6.902277583623815,37.493633552128436,2
495,3.129305484676159,38.58868261197788,2
496,20.999603475044655,41.78430002614021,0
497,22.452482035887137,41.26988056663502,0
498,41.02300340466605,59.59156260721945,1
499,6.698881195897568,32.54884152279022,2
500,6.479680037033364,34.14773926705866,2
501,3.0826276441960885,38.58948640601557,2
502,21.160615850575606,43.63519297812696,0
503,9.271285038305574,39.486161388402195,2
504,23.71577595892408,43.41734734915889,0
505,5.616745469753125,37.190612322500385,2
506,19.98408349880977,42.292839846635005,0
507,40.09171068925737,58.44314444139365,1
508,23.630275237132246,41.73368142538477,0
509,20.53956246444181,42.974595744280435,0
510,22.20832889837183,44.12623084054153,0
511,22.021700818483506,42.93939198405038,0
512,22.293982293296015,42.66895731449449,0
513,22.831669152888367,42.64042935500917,0
514,37.81785097336942,58.055545934943574,1
515,21.32711185038902,41.33635227559501,0
516,22.33783114686374,41.8175364583827,0
517,37.488422697431034,60.97689336481379,1
518,22.229745663093546,42.59068944558843,0
519,11.485294783715284,36.65173428608209,2
520,35.18031720306021,58.05462807136866,1
521,34.7983155880042,56.51591904646229,1
522,37.91591684034405,60.57614287849592,1
523,37.358819114463984,57.82550754141544,1
524,37.39792842592728,59.11953877583763,1
525,23.18311178520286,40.61660377565812,0
526,19.728489097542976,40.86852114512159,0
527,21.27267932991271,40.942864362437184,0
528,8.721289731387639,34.33011613971921,2
529,8.94259538835842,38.87863899862768,2
530,5.749185894270788,38.0033957127884,2
531,36.2805511333931,58.116283053198096,1
532,23.080486196048728,41.036894354269876,0
533,5.614798996837619,38.599141081847016,2
534,22.63909110755526,41.119388439677685,0
535,21.11341977946581,44.920935547965584,0
536,37.92493215551892,62.055919526377295,1
537,21.062361571250143,41.688001714722475,0
538,9.871402520627617,35.61464281200463,2
539,35.22233937712812,59.66071467534652,1
540,4.7509050610441115,32.56656464780644,2
541,23.87977530011191,41.83150412613006,0
542,9.262027051571934,33.725258969760645,2
543,23.129997968634086,42.47328316524221,0
544,22.293461981068535,40.396155717618804,0
545,12.593085503242545,39.8922196647751,2
546,1.6079744046288145,36.458032634971964,2
547,36.008382451358536,58.15208133249929,1
548,36.54885458035576,57.73885639925987,1
549,22.61098564174279,40.831744758271036,0
550,35.29612910472997,61.41802933317874,1
551,9.77391203522316,42.762885093119166,2
552,7.532204311417026,32.121839217702515,2
553,2.9539918088144645,38.30350411183151,2
554,10.99740072083602,37.88545648426575,2
555,39.363086044886984,59.7196408712984,1
556,21.674327396906218,42.18737608586711,0
557,9.768047129056075,37.39796016996501,2
558,6.019122917754466,36.81437459951953,2
559,36.18844138846368,58.291736972411385,1
560,4.8383240753044845,38.6281095970041,2
561,37.03229627227934,58.98042006004987,1
562,22.827525797522043,42.21283637089133,0
563,8.044498134595177,36.65878620502699,2
564,22.41677942549981,40.90180763949838,0
565,-3.1283106310064426,35.32893506598778,2
566,5.05442596743914,34.84010575924725,2
567,37.69528919977771,57.67798143796171,1
568,10.933851719140511,36.48702085978896,2
569,3.4042437067389777,35.92604375403006,2
570,38.409089194146745,61.09111846098493,1
571,36.2537272619284,56.9616029204155,1
572,23.306793233345164,41.78474220792139,0
573,38.04241261567406,58.98116999857014,1
574,7.226044784011507,35.92333949903355,2
575,22.02263655562315,42.11728753697835,0
576,22.26108515240232,41.23255577902685,0
577,7.846623908964919,39.14867329711575,2
578,5.941844984454554,37.975608341770126,2
579,8.783294064230551,33.2640403097027,2
580,21.255291591269714,40.07804336318813,0
581,37.94830533856942,59.38447612613355,1
582,37.02054774443497,59.62968810695489,1
583,8.878043875025888,38.19353288072904,2
584,3.0813613790800636,35.512362321973285,2
585,37.774367299206936,58.71222275881349,1
586,20.84019163449437,40.19710839204648,0
587,21.436426877422075,41.68918721890795,0
588,8.788565574391416,33.512668448211656,2
589,22.788024133057693,42.06951914488204,0
590,19.263556944645156,41.74795161672179,0
591,39.157744849070504,58.29890309666839,1
592,8.790880299285636,38.536033742518114,2
593,38.713494845612566,58.056965835085585,1
594,12.385979353140122,34.61268026572485,2
595,3.6613369098094686,36.95833884584437,2
596,10.755594048436922,38.091479003741654,2
597,24.112360217071398,41.331148502203355,0
598,19.223275880012217,42.80371290482413,0
599,8.290242555101807,32.200917260825435,2
600,21.259281341640328,43.87054309274747,0
601,36.97849310162565,57.0013333752633,1
602,35.62160919747064,59.10155860220869,1
603,36.6483253410163,57.279805299996,1
604,39.79393148764139,59.98695249190443,1
605,22.365401868531634,41.369338898056355,0
606,5.810864530046545,39.09140954526519,2
607,4.777786834678775,35.16679927697609,2
608,5.4574860725785195,39.51273956413754,2
609,21.003472402974275,42.458568719847875,0
610,39.97711622545735,58.454805064202894,1
611,21.275525730938224,42.59865613752246,0
612,20.430846202398296,42.87905569949878,0
613,7.573583903948657,39.37776387800708,2
614,23.123716904595657,40.87166020183311,0
615,21.924650789577797,42.1649255529267,0
616,37.3487828903422,58.95199345096044,1
617,1.8361462498850276,35.55742248734389,2
618,21.76517684768981,42.894574184904286,0
619,5.536622180791865,46.017005573804134,2
620,23.414331801867604,42.59200204081403,0
621,4.820701601610333,39.71460001722385,2
622,19.958464375966606,40.884111098282375,0
623,6.4892609405411905,35.70987363578108,2
624,22.13650804018255,41.6236262852631,0
625,23.08182623675554,40.48488527516947,0
626,22.810380661644142,42.126592025683856,0
627,37.002675376280564,58.27494245977699,1
628,8.760183026643032,41.03642314240027,2
629,21.7824359618828,41.68379001973427,0
630,9.44822304717476,29.041921924074302,2
631,22.215417340283217,40.73857360265319,0
632,39.025784410881855,61.05099601307831,1
633,23.318214191435054,42.88722380363434,0
634,38.85884689006997,60.28199573002476,1
635,3.292397778283621,37.0140311637955,2
636,39.351724586149295,57.12308804185686,1
637,21.7891901719705,42.62614106666759,0
638,5.870345362716822,37.948048782815476,2
639,4.177525208169479,41.33365554278555,2
640,35.38343656339749,58.550424070528514,1
641,40.66719881895701,57.64429968339189,1
642,22.21239477745568,43.113473301005214,0
643,6.08369458468134,36.84042829787281,2
644,38.08915139247225,61.71876778368526,1
645,35.9642679349084,59.95019596075058,1
646,38.27315112115976,59.7503421966729,1
647,22.994590967116874,43.18635539313726,0
648,20.369712480410037,42.49808690269306,0
649,6.736829905202729,34.63337746320892,2
650,23.804780200766565,42.44156770657479,0
651,3.84510406576495,42.68766612283012,2
652,40.092177472388826,56.913746364855044,1
653,5.565649352240617,33.49773147619479,2
654,8.967014612574284,39.51744497217292,2
655,20.687766733417224,42.01603242138826,0
656,0.9405442039581606,34.35967535854104,2
657,39.69577889882419,56.89463567239531,1
658,38.52948544986759,61.07994789288492,1
659,1.8124769518194803,36.586640465641075,2
660,34.952217345991194,58.65915106189766,1
661,35.898274898536904,61.55098060770721,1
662,6.5593500544301975,34.72504775456352,2
663,21.436869393516986,43.08041763479358,0
664,19.40195339377326,42.81375972089576,0
665,21.574711097617577,42.75135191862969,0
666,37.33257654846047,61.929148510345826,1
667,6.384959834480289,35.64559014681267,2
668,21.667379808046537,39.89415478916044,0
669,23.603625257140152,42.27436356873687,0
670,6.473876331957996,37.02159906662736,2
671,22.60733951905653,42.298200643699914,0
672,37.164426704750525,59.60056593063828,1
673,38.29559980549058,58.4535897694985,1
674,22.90354807509079,40.04887611544744,0
675,21.823449698453334,41.854076756136685,0
676,37.65894881307007,58.321450631626604,1
677,37.74239515559597,60.67025751079173,1
678,21.889322372798773,43.512937960695425,0
679,2.4775928776108946,40.82792770072974,2
680,22.070592295509993,41.75042786866545,0
681,23.572151378646836,39.37532745705903,0
682,7.737709410169021,45.65009390807904,2
683,5.046804819787561,34.136864703500784,2
684,34.95105110530675,62.19192463962389,1
685,35.19861637007047,56.7024686560411,1
686,6.148262716743007,40.08467861773059,2
687,5.33122241261302,36.31240841442523,2
688,10.363468528430683,44.56181015640284,2
689,38.05986728686271,60.07713093413307,1
690,20.66061754069576,41.22862237737598,0
691,36.98331918361799,60.59135775714359,1
692,5.6585688313903155,36.63903198647399,2
693,35.582455617867325,59.7366764366932,1
694,22.74954666400624,40.89504165272434,0
695,36.86502100450127,59.65996324907987,1
696,7.558903772988156,39.179304383967605,2
697,36.76323015018494,61.38863225786997,1
698,23.200079766280158,41.87764759052596,0
699,7.9227096246089985,30.806017712498374,2
700,38.99882539730072,59.64586495718113,1
701,22.621720820218496,40.96591277268417,0
702,21.311584161511764,41.27739088201837,0
703,39.03722491214046,59.519699486493344,1
704,20.871312114452227,43.27591183654355,0
705,22.010868774549994,41.8214073086102,0
706,37.20952325078767,60.063148605506235,1
707,37.49335405346376,58.22657650203785,1
708,37.326834994434385,58.90760503449371,1
709,39.98343220721736,60.51902368819267,1
710,38.75674341702808,61.451357428572024,1
711,22.324382986333013,40.657329940407806,0
712,36.43614091593031,58.83597385878641,1
713,38.48154970711369,59.72422316432677,1
714,8.0421236121368,36.551679671306125,2
715,6.4341468424712325,38.74623131600651,2
716,21.95153438240628,41.663360279461905,0
717,3.6417944526542745,34.71702318111872,2
718,38.40250387488452,57.048693851084465,1
719,6.084638729302405,34.50668684364604,2
720,3.9248582305469366,40.262010410653374,2
721,2.617879901206324,40.06120364418659,2
722,36.62329641627438,55.564726357468814,1
723,20.234616850577016,42.78307084774737,0
724,40.74108318584701,55.88624901559173,1
725,21.493417699926024,40.87005070959427,0
726,23.582346593856286,39.656355854653484,0
727,36.65662699445569,59.05341095355808,1
728,22.480533847067424,41.42938770376581,0
729,7.9976267748850915,35.246955534669574,2
730,35.94051236422035,58.586093089673774,1
731,5.61376968011376,37.074902781662296,2
732,1.064966303591266,38.26698115976364,2
733,38.685001919883355,58.25761060029345,1
734,6.123316102084573,38.648422209608555,2
735,38.04220584055869,58.210307582053154,1
736,36.73038265256283,60.010112717332355,1
737,8.777562912535684,38.10259559382662,2
738,21.383490510309134,41.58135438061994,0
739,4.7818159382213485,37.38967079101919,2
740,22.383028322473947,43.731690113954144,0
741,20.516074836852937,42.7149650955178,0
742,21.781598306909864,42.80513372128234,0
743,20.420893407759408,43.306643205158444,0
744,22.072149313189406,39.90781920917549,0
745,22.228436398148887,43.79907764495858,0
746,4.677326517900644,38.706130734221254,2
747,38.37963089667014,60.21072272150571,1
748,7.14840000786267,34.577206318090404,2
749,21.61183474304546,42.919409461401884,0
750,9.50458623965951,32.81531512674453,2
751,21.55993031717318,40.66936502419163,0
752,22.18761205011558,43.00724886365008,0
753,22.980680612050843,42.633595335331904,0
754,37.2109525434318,58.08187250320203,1
755,39.09614087168737,58.52229777705889,1
756,9.321608300554788,35.751461683267365,2
757,24.25008806549718,41.992521804685204,0
758,36.5718441283953,56.7139053799996,1
759,37.66476765087957,57.216132039792946,1
760,39.97112638504084,59.62520768384937,1
761,7.888814119476761,37.202464484745654,2
762,36.76814644929521,60.973400921382186,1
763,-3.1172814271405844,34.83280354182047,2
764,39.7167820194488,58.40177895347198,1
765,37.83188119919471,59.20938301238157,1
766,21.636901733807964,40.866517172508054,0
767,39.396683891371254,57.81150601933199,1
768,8.717733859371352,36.8393340835266,2
769,38.841661738810934,57.58653487609027,1
770,37.44108025125763,61.859882057712774,1
771,37.25409827227832,59.005953537803094,1
772,38.18343074800479,57.23462818926812,1
773,36.634378259485594,60.03411267170426,1
774,38.050416377780365,60.15332362236825,1
775,6.652557774089971,36.610414707437016,2
776,19.748623419786327,42.14384743952898,0
777,23.230017594698662,44.401928481492334,0
778,21.311545661491483,41.516862735181405,0
779,20.961975638371957,41.43852086890907,0
780,36.50806006546994,59.87146665435241,1
781,6.134571346732477,41.4845979325177,2
782,-1.061931196855232,35.38268534254721,2
783,3.1315629254925175,40.392448427229674,2
784,7.835312727038758,39.217298655864994,2
785,36.00303465259747,56.888475237259115,1
786,4.093463463425486,33.87902905221698,2
787,14.462632521869796,33.631149408779784,2
788,7.465491690249611,36.67818311503176,2
789,37.474241163435615,59.85170732694996,1
790,36.407364425998246,58.59149726548027,1
791,4.717775687913241,38.69753961976406,2
792,3.3767010952054033,37.711482517867324,2
793,5.7971677573175375,32.23128287445088,2
794,35.79878869172697,60.26301707322738,1
795,21.671605159409165,41.939754971170274,0
796,14.631714315201789,35.212570215010366,2
797,36.7113620068096,56.780480115460186,1
798,23.09642006308422,42.12065848938607,0
799,37.080524094252844,59.99715805889746,1
800,11.11357797814735,35.971986084441895,2
801,23.04991903103408,41.867243401862694,0
802,21.248111214852155,41.04190131778092,0
803,10.05795405811999,42.76283248026341,2
804,20.817131850829682,41.03215720216002,0
805,24.32770950366028,41.19809387297164,0
806,3.744746515767695,37.78129696909387,2
807,10.403776892685908,32.174890986287615,2
808,20.9976826762941,41.425731561626314,0
809,23.18401484178831,40.98970708344337,0
810,21.361891242901457,41.62378306396723,0
811,5.240013356144701,37.53754322516913,2
812,39.28672154589332,61.09186130307996,1
813,22.04822161368062,43.02075892506776,0
814,4.071489128784022,42.33448705206649,2
815,21.161885233463487,42.7400021180336,0
816,39.36862074245649,56.347612817106146,1
817,4.242163451657958,40.05552723899686,2
818,4.764218536023536,35.44369553657156,2
819,21.295093220210962,42.79657008046469,0
820,22.49342649488267,41.03940024104612,0
821,6.945592959343446,35.388946883880244,2
822,38.2501765506587,59.42958746512694,1
823,38.910784036757946,59.024516554800876,1
824,37.48541878614584,54.84808705980396,1
825,19.912685224633595,42.42967566387403,0
826,2.321616974148357,37.757683701034416,2
827,8.400125235618171,40.204793331124634,2
828,22.135101822427213,41.08651085005962,0
829,20.193485060307122,41.42790933062617,0
830,37.041221929839175,58.23378950590486,1
831,21.575705035868722,42.333702596420665,0
832,36.36678619234577,59.76938792165792,1
833,39.46097329859528,57.60953214313077,1
834,37.0456152714253,60.35425603164845,1
835,40.008417380980106,59.23575585587563,1
836,22.081003239763792,41.192786247781136,0
837,22.74375544807665,40.90945051180421,0
838,22.62511266270743,41.77459170945598,0
839,37.65989174944587,62.327921075501976,1
840,37.75019521126756,60.5666680527251,1
841,36.47629455495823,59.2442360791279,1
842,21.4354773326477,41.934077599983155,0
843,8.638801627828416,35.67135106940635,2
844,20.89106235595107,42.67763767567245,0
845,22.753782806446445,43.03318224468945,0
846,9.281023905624476,38.423123291984304,2
847,35.928951387931384,59.53080718869124,1
848,22.594888710295553,40.3766299769661,0
849,21.111431480106308,39.650739106077374,0
850,23.041945986717845,41.2881409084052,0
851,21.60489544384501,42.42796081476018,0
852,3.711572844788308,38.21396004542322,2
853,37.73678353889001,60.5644063128038,1
854,5.866047571574717,30.94066180658267,2
855,38.59420587260754,58.49824790169162,1
856,36.10938322891217,55.953928793601435,1
857,39.22607503828353,60.80479030847882,1
858,38.80533405573078,57.58738646006961,1
859,36.73355499659169,58.776804411323766,1
860,37.08613605627864,58.28800623759191,1
861,22.426119226709616,41.08624644184,0
862,40.165007332270186,61.18222798096589,1
863,22.396796291659623,42.170780126462176,0
864,8.069559504936251,35.267152998107285,2
865,34.637742108453715,58.83834730819141,1
866,35.66313079408944,61.431487708467486,1
867,8.566320297184493,39.73693114819263,2
868,37.66835699126463,60.9731164886646,1
869,6.410043251496273,40.637735221363045,2
870,11.070023054281329,34.14551027768543,2
871,12.769249933567119,40.007245111368064,2
872,21.4811305103299,42.45043503472404,0
873,3.306461481537021,39.16837459324892,2
874,38.87931155701768,57.87390144215521,1
875,38.52104983881392,57.897727952984404,1
876,11.13674351792628,35.390294708505024,2
877,9.10684930153026,41.23657082651755,2
878,35.2060205747822,58.92182356857774,1
879,3.054096319377102,30.90182779676612,2
880,21.514713865188877,41.32960939172806,0
881,8.390681072473406,38.0255600910053,2
882,37.51230349983949,59.234437691309246,1
883,11.014125050346994,38.09569760284497,2
884,38.3675525445527,58.525589305647856,1
885,38.56901814154769,57.424532066446886,1
886,21.134766661988497,42.54797326302448,0
887,20.54559405147448,40.19788499132207,0
888,21.82962153809439,40.53403595036719,0
889,23.398233226089282,41.32094410359906,0
890,20.807237210611735,43.44133033400079,0
891,1.7506372937167374,39.8021900914864,2
892,7.456900809494624,38.64025778174386,2
893,3.2669572936336637,38.10800021222169,2
894,21.68053466067589,41.80744188885726,0
895,7.374827300686614,37.16712776784142,2
896,38.95819050564924,57.952003395211214,1
897,5.707475765075024,40.21475823931419,2
898,20.175909194873917,41.37980272137315,0
899,9.081071284020044,39.76113344690653,2
900,21.329082269505243,42.861991120174544,0
901,7.024525707934624,33.342199795846206,2
902,39.95872964311997,60.09328328479326,1
903,9.462879997352019,38.3266905139954,2
904,22.20064684286282,44.43347853209651,0
905,23.823907807441117,44.70890072662272,0
906,11.11177510334851,35.70193141393516,2
907,22.26375378749076,41.65132776627598,0
908,39.59966032503319,57.028952208778506,1
909,37.59952882549029,55.70546938889303,1
910,37.528072773535406,58.29717893850107,1
911,8.47201461403297,37.636470671453964,2
912,22.92560993538867,40.444811653051985,0
913,12.190665885386398,33.09754438876883,2
914,20.502185088351215,43.61551655348078,0
915,39.51923781766382,60.20102635421084,1
916,3.384751863671577,36.34375625634327,2
917,7.925925515739001,37.2015080353852,2
918,23.937219824737657,42.76415207901728,0
919,20.82618330266638,41.211416417821226,0
920,35.27618744746482,59.10577104545681,1
921,19.52391592984173,40.09856690559104,0
922,23.770240323365126,42.1110428640695,0
923,11.501414965740768,40.6182996854249,2
924,39.33969873261964,57.931920135811666,1
925,40.855508399589326,56.16146818355917,1
926,5.8031069613671225,37.70500568030219,2
927,7.202363727009694,38.245784413408735,2
928,11.573800983877055,35.66854099406046,2
929,21.822288283043033,42.76656330355763,0
930,2.00114593538033,43.79380646950122,2
931,23.02256351433259,42.657002488166604,0
932,21.60356929920339,40.42342625632158,0
933,8.894237471665082,39.21849831432174,2
934,5.37108101058225,39.09011372971374,2
935,22.19035666612117,42.59149193010754,0
936,23.118238594935992,41.63191007912365,0
937,21.193380817437223,44.5674588971067,0
938,5.930273017882537,33.68079404295044,2
939,38.510565107780536,59.96131029816237,1
940,7.844800860953309,41.588679857397395,2
941,21.77812632117302,41.121130674979185,0
942,36.917226658205706,57.17599413295614,1
943,8.130228397299884,36.280273725350746,2
944,23.210556280920564,42.93387284621738,0
945,38.23286917254904,59.17488438042745,1
946,5.09201666532835,35.900710241086024,2
947,33.79696632107931,59.65326219553524,1
948,7.302460651254182,36.886925636464404,2
949,7.940920580033072,41.78202710094023,2
950,35.86108871651084,59.315333202522844,1
951,22.68167480957732,41.10827884038446,0
952,20.784053998039198,40.71304115741015,0
953,38.95844031741532,59.020829290919764,1
954,37.13925813603067,58.786068832566,1
955,21.176559781741055,43.205105126348506,0
956,38.315270965543185,58.62363562497483,1
957,39.190706232284306,58.19805963639915,1
958,21.61595776915835,40.26369108280487,0
959,6.463188695733746,41.82423893278554,2
960,37.98477799513444,58.523145691402334,1
961,0.5486526769321216,30.241877329843796,2
962,5.17749162277653,39.05019697354101,2
963,35.89844743107411,58.710425903608005,1
964,38.231568099068305,58.60194322950284,1
965,36.77750959103021,60.950202465570094,1
966,21.404277180855818,40.99111670611715,0
967,21.700845373903228,40.760366690432356,0
968,35.41208758615917,62.25467271063949,1
969,6.38191106891334,36.630734271561764,2
970,36.82512403607969,58.99164945678126,1
971,37.87535996628294,58.675450278726366,1
972,38.40981630633212,57.28641578567194,1
973,8.923973877917689,36.57475350130791,2
974,3.9219389365573645,35.836068679353716,2
975,22.456832405794678,42.0035395754969,0
976,2.3647240126407088,34.94348663259775,2
977,5.518455957386324,35.102988703456816,2
978,19.94389038643879,42.55244823785651,0
979,22.24114872305038,41.96350669243364,0
980,4.116905265383172,38.430582014803434,2
981,37.272334354231255,58.65621458475311,1
982,4.42903412595511,31.162479053314996,2
983,8.47937411246367,40.67287758568462,2
984,38.64551486400151,58.810381864071246,1
985,7.505239462243522,38.75482765912325,2
986,21.785386288571917,42.57995141853024,0
987,38.177499945352174,57.64942997418129,1
988,37.986426262604496,59.43682140758443,1
989,7.480468605762237,40.91217296043945,2
990,21.697564601868457,40.2534775689919,0
991,21.661507790526752,42.50178658117221,0
992,22.839608694990826,42.37872072580315,0
993,21.285752910091404,42.24631782633513,0
994,20.43066386804041,43.10517001533173,0
995,20.374609643498303,40.833343212502896,0
996,38.23672090326604,62.154481253402714,1
997,22.380751918975918,42.09707471265512,0
998,5.427820380240499,38.58476701913203,2
999,3.500088741672018,34.7688160432036,2
1000,36.72610559446374,58.43469426301178,1
1001,19.215549397936563,41.20661018132806,0
1002,36.97926432236634,60.01211043914266,1
1003,37.10573999440967,58.9479124902461,1
1004,38.708238691142455,59.47886539955652,1
1005,4.521859999429791,38.806428155709874,2
1006,6.453704547112071,39.438209410419425,2
1007,21.090728375661836,42.02229427773465,0
1008,38.65372417486194,59.53502784446742,1
1009,11.151034085050679,35.64543927987708,2
1010,20.913665451693365,41.9900258632713,0
1011,36.43680760416072,60.19337634442178,1
1012,38.49596991378236,60.41862400351365,1
1013,6.49955816136902,43.591040307979966,2
1014,37.30793500736624,59.71170414625692,1
1015,22.23275802475772,43.131353992625186,0
1016,20.678336324702354,41.76618462688212,0
1017,38.301336667838015,59.84635747623124,1
1018,21.32065142672763,40.757501643187375,0
1019,5.335018304574421,33.3690332873706,2
1020,23.31249468337815,42.238262271052065,0
1021,10.354289380174095,45.215776761629996,2
1022,22.447522891961402,41.90164860957736,0
1023,7.511705252750077,40.14942721256811,2
1024,22.172634780429036,40.57741552931977,0
1025,5.238978927950445,37.36108155619444,2
1026,36.923966475713655,59.34367035055506,1
1027,37.8694948329243,56.7176016284889,1
1028,7.378334607215935,38.0858828722348,2
1029,8.954072056118061,40.4630727945245,2
1030,35.96568707348093,61.110993137728485,1
1031,36.74870203549052,59.819496215916196,1
1032,6.237722556574415,33.14855570696299,2
1033,3.6508927155134367,37.58550285557036,2
1034,21.498257089377574,42.78464605038711,0
1035,9.850630154765025,40.37024255089963,2
1036,21.357940921040623,42.216926697292564,0
1037,7.270191990999526,44.16163664703377,2
1038,12.386629859872631,35.39963774634922,2
1039,39.79516549512471,58.18475714204213,1
1040,2.701853612170301,37.365977164732406,2
1041,22.179368507969784,42.14520593269368,0
1042,39.97743073913466,57.36947046769691,1
1043,38.62768755742014,58.24702955160927,1
1044,8.838062865250208,33.75810752718222,2
1045,9.126650246255128,41.413095133880056,2
1046,10.429922700270115,31.560693057251186,2
1047,22.91690574679194,41.338876246380465,0
1048,5.154577440505455,37.83709740925793,2
1049,22.449832529382252,41.52230677324037,0
1050,37.61274509011643,56.60280686392072,1
1051,22.688200665130143,41.350163495848925,0
1052,37.90987553995903,59.42575003883062,1
1053,22.05766811958016,41.68987146747092,0
1054,37.82655049036659,60.96198485281866,1
1055,19.20962948401928,41.059480182328286,0
1056,37.54832201884704,60.22195459058915,1
1057,36.35895168324573,57.06692625253237,1
1058,39.257947823881096,60.754493014468764,1
1059,7.919791486944634,35.78726330980713,2
1060,21.53535139490176,43.086154081854026,0
1061,36.539305966825395,58.849887897513774,1
1062,37.610716196446184,58.25029470775766,1
1063,20.854667805063137,42.03692814519795,0
1064,21.05651793026332,41.13589555718036,0
1065,2.3804343523613394,34.20670188123369,2
1066,36.07764098611142,60.76217527344055,1
1067,6.9599068617559,39.233716780291196,2
1068,11.268752427894803,35.43442402500197,2
1069,39.11323993078542,59.46487229068708,1
1070,39.20310486216071,58.672458081774124,1
1071,37.65215823244475,60.784185234881846,1
1072,23.118912259481398,41.31194841353881,0
1073,5.184112701720885,39.81543832987144,2
1074,4.239363619903192,40.66203164213505,2
1075,8.549681145138145,38.565389049912824,2
1076,37.83984728893438,56.77473606267185,1
1077,4.013246505830223,36.48439669909311,2
1078,39.28902982161067,60.25909907260415,1
1079,8.280948964266067,35.23766058453103,2
1080,36.5744133063533,57.652335708118514,1
1081,20.586331660128543,41.459072917072476,0
1082,9.013694447657933,38.037573717933554,2
1083,39.69450227439243,60.58629921883273,1
1084,39.646636899740614,59.92989051132238,1
1085,21.04184327979478,42.74652387508519,0
1086,21.347645850242603,41.17643280067717,0
1087,37.60057824979005,57.36040698264114,1
1088,37.1246804349626,59.574740857653204,1
1089,3.7775380176177,36.29213360728632,2
1090,37.11720367485266,57.34500608007162,1
1091,6.24426777112267,38.235103439185764,2
1092,39.502608752238714,57.56979320928169,1
1093,37.73425552131592,59.40963488981016,1
1094,36.951646946995616,61.21326570735913,1
1095,36.59281863380427,60.10563158742817,1
1096,5.884923360851811,40.39490546525254,2
1097,35.74470394311945,56.44310547773814,1
1098,38.47363582547512,60.72537645166824,1
1099,11.418416670459955,39.00861665109877,2
1100,36.159247490803246,60.27652923729349,1
1101,20.59463889420405,39.52934679178374,0
1102,6.9876832622074385,40.60451181907223,2
1103,3.8286296473668155,41.37989474274318,2
1104,22.48921364878619,42.374987522788736,0
1105,5.572264204813508,38.43609099403852,2
1106,21.580538414507785,40.50655662009585,0
1107,37.957928394990354,58.57969124291144,1
1108,7.02446042423146,39.488861489955575,2
1109,22.760285474758202,43.107397752616066,0
1110,6.267691974813575,35.16405460176172,2
1111,37.651615773428034,58.4953948669452,1
1112,37.2276434680179,58.3824549437141,1
1113,38.76936342323641,59.31829446593241,1
1114,34.10098649732193,59.5524875630486,1
1115,6.403391223968446,38.748672708137356,2
1116,20.178560456812384,41.81473958082966,0
1117,20.715354912912325,42.56334095860197,0
1118,3.9937620921004737,40.48748933771387,2
1119,10.828952989941934,37.34118773431816,2
1120,36.87057121360087,56.66279608075044,1
1121,35.5105154838476,58.102125432530414,1
1122,21.629625324489172,42.42648146963145,0
1123,9.961078815767404,34.51584886612534,2
1124,39.362272350825386,60.64721552751285,1
1125,8.847809567748083,34.19050203229337,2
1126,38.76274914958204,56.236055510800725,1
1127,36.2839652920591,58.325338196174464,1
1128,6.764897136052314,36.99649026107899,2
1129,3.49779662248297,37.3706279018396,2
1130,35.40443269248258,60.41146923603303,1
1131,2.6356475112292195,37.53265282339729,2
1132,22.152572947372125,41.621033551400586,0
1133,36.89334417708245,58.84844945822758,1
1134,3.1009962767580896,34.59706332649827,2
1135,39.14697446277013,58.37246304145798,1
1136,20.002124364463285,39.7915300592258,0
1137,20.639544005987833,42.481135733581254,0
1138,20.10687998806799,41.39649961408561,0
1139,8.353237130567521,36.7449207758727,2
1140,38.42355136498958,58.40404550583595,1
1141,20.769203601503357,42.545586728335024,0
1142,35.57908546267302,60.91735831559945,1
1143,11.592645437945638,41.27211662774764,2
1144,20.11514082551894,40.71554446605003,0
1145,6.947539068623781,39.84290531940959,2
1146,36.54000961333938,59.56288254701453,1
1147,38.6069171173859,59.56119859589446,1
1148,37.401927766105466,59.51810085904576,1
1149,36.916508304928385,60.046702033412096,1
1150,39.31460448496584,57.54735551019386,1
1151,39.379818635773255,60.896520436350336,1
1152,5.2188807364591305,39.26743632114865,2
1153,39.80942070075038,57.50882393421411,1
1154,22.223942545496637,41.29612214923127,0
1155,22.156519627436708,40.61657446282137,0
1156,9.147133341323897,35.97858706754325,2
1157,4.424319307885096,40.00661498344709,2
1158,22.04278118107907,42.0018893802217,0
1159,39.24685855555161,57.92400410960253,1
1160,5.320320357588455,42.80944047940958,2
1161,37.934562224906074,59.62159128134002,1
1162,37.71559194443395,58.094777687364044,1
1163,6.406408159333706,34.60493677238389,2
1164,22.12647402852949,42.71303371643529,0
1165,38.6177294285586,59.34845178599386,1
1166,21.714471716492078,42.94565620573251,0
1167,38.78715386655236,59.60713450091349,1
1168,4.152861572260372,33.39471943506363,2
1169,8.74312328344113,37.45202810276252,2
1170,36.23939051581586,60.675634999460584,1
1171,20.224794188313755,41.572363131689436,0
1172,23.564099424808948,42.8009895246591,0
1173,37.07911933538914,60.48390989647565,1
1174,5.331633608213874,38.572227624848836,2
1175,5.709301442368032,41.20673179250884,2
1176,22.181843877002603,42.433769304921725,0
1177,38.54271857046776,59.14672490257113,1
1178,9.417962787281374,43.34306056869238,2
1179,36.23965953149638,59.5949019487053,1
1180,22.293991261071728,41.73808046730323,0
1181,21.710086626227778,42.904994894081526,0
1182,11.82357969308633,36.072740336304165,2
1183,13.633263888348655,39.3041501086124,2
1184,21.6256705510759,41.258997909419634,0
1185,36.98104760161659,59.24744407799303,1
1186,8.303511794213753,37.69968150904431,2
1187,38.03149370770819,56.68200439748887,1
1188,9.161006587684158,40.92664957748406,2
1189,22.95785839734879,41.41646268081681,0
1190,35.935926012469814,59.24137423428952,1
1191,23.970140066913174,42.057713873541516,0
1192,38.87010876688334,59.09114131969021,1
1193,23.51391782333044,40.289711951369995,0
1194,36.511357819268916,61.58723937402147,1
1195,37.24906476395863,57.42034706520145,1
1196,36.99111867562813,58.25081788544505,1
1197,37.14411984601179,59.16495496339347,1
1198,22.17012408056458,41.500968882589,0
1199,36.91506843425055,57.114999723512,1
1200,36.65703905414302,58.71160887902548,1
1201,22.974468648247285,40.711391281710284,0
1202,38.52549611630873,58.517333992601145,1
1203,20.970730552182953,41.20226401140558,0
1204,40.86987754539417,60.58585185056516,1
1205,6.067697213157853,40.09268648761464,2
1206,23.073510568572168,43.788561578046426,0
1207,37.45256701842501,59.111982562359316,1
1208,21.627158026420766,42.139712006375866,0
1209,21.733351137378893,44.85483286689524,0
1210,5.678761596758021,38.89365469460431,2
1211,36.94972054778353,57.3616541475227,1
1212,21.94100040671295,43.624544841943056,0
1213,21.192031831673596,41.761901072738546,0
1214,23.10819949699754,41.354120477297656,0
1215,21.462983767006733,42.116384173308184,0
1216,20.13136492238387,41.70323396891242,0
1217,35.882620534275134,59.51172958720549,1
1218,11.529765717663617,40.90279291189986,2
1219,39.50176414144376,60.90881316366672,1
1220,23.372091936603255,40.98386731630337,0
1221,11.355503456201422,38.307618330917414,2
1222,23.506364246987857,42.54677383059311,0
1223,35.46088373795199,60.217260620593386,1
1224,7.916451554855567,35.89397727239847,2
1225,21.79368267288487,42.773390050060705,0
1226,38.132089932438085,58.749282002995905,1
1227,21.880281271759156,41.06412745574274,0
1228,23.923586530971804,42.423787853328626,0
1229,8.797427969708377,41.42040821603296,2
1230,21.81904034754616,41.871175345159244,0
1231,21.76457930086733,42.790783398483065,0
1232,20.32012479567849,40.930359034168426,0
1233,38.25064585155856,60.62351117314156,1
1234,21.86286584896382,39.73812501061049,0
1235,39.89096394361603,56.25495964155137,1
1236,21.45346455677346,41.97791417661277,0
1237,36.47494911606867,60.28864705658216,1
1238,22.877207983487487,42.07491977971979,0
1239,35.23296025966718,58.54997666238425,1
1240,6.5903061349618,35.48493230434487,2
1241,21.47217009095595,40.84809122157246,0
1242,7.611551026250536,35.20931873965951,2
1243,5.50339181126601,39.19867566055912,2
1244,4.0256614562661355,34.28707887679112,2
1245,23.38667978373873,41.53274836994252,0
1246,37.32951509043571,58.87959778573572,1
1247,36.487547288005395,59.51199227424377,1
1248,22.61076797043348,43.926404164791656,0
1249,24.09635582016246,41.104493323615436,0
1250,36.63232182058212,57.95534129997712,1
1251,21.43585577092797,41.602292821917935,0
1252,23.363692841894164,41.60391202511141,0
1253,21.275678155923103,42.87525500014304,0
1254,36.44998805919559,61.021277290651675,1
1255,22.298922087033514,42.04730953470821,0
1256,7.96729999929602,32.59125847481413,2
1257,22.339145218136586,40.57269809180186,0
1258,9.62625304740016,41.28783744049815,2
1259,23.712135886988662,40.87826422933816,0
1260,38.15019796763116,58.14399702001416,1
1261,40.04429316201022,59.52519932502258,1
1262,36.303728946342545,59.15926624053627,1
1263,2.2042239680595346,36.45007671733349,2
1264,21.940077702929212,41.26095433081891,0
1265,35.89110513135652,56.97533371804632,1
1266,38.19369753794398,59.155375996336495,1
1267,8.072262680756804,37.84550048257838,2
1268,22.749774119293356,40.4481913602505,0
1269,3.9726972113370174,37.583244644851014,2
1270,5.692596938768752,40.5409794869757,2
1271,37.61928927607377,60.990888892730396,1
1272,7.158203641984482,34.69428952295026,2
1273,10.440140697513762,36.10264593344299,2
1274,10.269112815948862,41.28316167425682,2
1275,39.034714827952754,60.329834157766115,1
1276,37.51271371319925,59.630849382855146,1
1277,36.2836772892966,61.52195486109009,1
1278,22.119281868604137,43.62746449484713,0
1279,38.719285483861796,58.698299398327414,1
1280,39.913198971254474,58.58804716058529,1
1281,21.066597261657655,42.76797050239525,0
1282,36.62258940948648,60.20957858817874,1
1283,14.94024729451573,38.32952629224484,2
1284,23.433239273119337,41.32589576874517,0
1285,6.012817707497656,36.584744965649364,2
1286,12.610855691323607,38.32191367115824,2
1287,22.92373932771215,43.27581888198822,0
1288,10.337132419686116,31.46405120820079,2
1289,4.993109524316186,34.42268673496087,2
1290,7.054270018836204,34.59435161429136,2
1291,23.58976513474641,41.729870798016144,0
1292,21.88244173807885,42.06516342566923,0
1293,21.991425210543632,40.61824104085573,0
1294,4.264458483757177,36.14803528725329,2
1295,36.30584475901378,60.430793919770416,1
1296,37.77111821101937,60.1148228844182,1
1297,35.98800634201309,59.04680096495553,1
1298,9.903213908384332,39.17239222215983,2
1299,35.72789347514419,61.37215802490318,1
1300,38.684473908406,59.97150250293622,1
1301,37.887807462657626,60.91339132849296,1
1302,7.581880913663841,35.60044106477565,2
1303,10.548213945335952,37.551759602874164,2
1304,22.307451829412997,41.72083266652309,0
1305,36.62624816071083,59.305448105404146,1
1306,3.922434742747367,42.000656674784594,2
1307,22.291537756445226,42.68207687673238,0
1308,36.960631572714426,58.09404021898117,1
1309,33.376705143240684,57.46212756295655,1
1310,38.25562727602765,57.637521540908594,1
1311,20.821216447699964,42.74037105480001,0
1312,7.825791298101873,34.56589174869248,2
1313,35.95400573345711,62.037425009133166,1
1314,36.837823167472266,57.7693061236717,1
1315,8.526458205158075,33.62894637230167,2
1316,37.02420093884894,59.30845445528173,1
1317,21.739580754314325,44.19378912072931,0
1318,7.0472323861967325,38.13136814874483,2
1319,38.58860843197755,60.247774562257675,1
1320,4.262171784547023,36.24985515154875,2
1321,20.246115712507702,43.326731673191276,0
1322,37.45796604083118,58.916994961670106,1
1323,39.4035508513699,59.04523155121019,1
1324,38.652085079389494,55.77369787493609,1
1325,20.95703831520893,41.2805054039052,0
1326,22.589791299833955,43.78241065005233,0
1327,20.939706644473187,41.262808849992176,0
1328,37.32752601276194,58.801939968657585,1
1329,12.616150306833948,43.26008587347517,2
1330,21.047665551098,42.57288337681065,0
1331,8.979703681581837,35.565832372618445,2
1332,21.333750180166636,42.71391027523248,0
1333,9.999067431142906,39.14049012670688,2
1334,37.48392671963557,56.85257374299181,1
1335,9.071868854737222,39.758622514220846,2
1336,2.199670775129288,35.832540482795245,2
1337,37.49649362280295,59.065346582005326,1
1338,36.83225714501143,56.07611083744704,1
1339,10.342343578787633,36.12114667721468,2
1340,21.78316053468508,41.12491721164698,0
1341,4.57879734994227,39.95633990957109,2
1342,3.393153128372893,38.198285521381266,2
1343,38.045796519901884,58.84914691174756,1
1344,23.28570890918298,42.18499541848707,0
1345,22.14980607496248,42.789874227175694,0
1346,19.521529946123295,41.21612641443282,0
1347,8.463207590303632,38.25572915024339,2
1348,8.859631585762141,37.279767260535465,2
1349,35.60930147668868,57.175294086615374,1
1350,36.138882545814404,58.97670004202367,1
1351,38.95877676632899,60.84898110548791,1
1352,8.835151241880673,39.95305962974972,2
1353,7.945924964077936,34.225578160755965,2
1354,20.733309081228477,40.2006711546246,0
1355,20.52093055015125,44.13549219285822,0
1356,22.434450678913016,43.09425056050773,0
1357,38.54794710988439,58.842433597635484,1
1358,38.3737835001169,57.66368226595102,1
1359,6.811013657240323,39.95096764208161,2
1360,23.54464422234707,41.65712803054253,0
1361,38.58401919661417,60.50373344395127,1
1362,41.58712865842308,58.47859915100219,1
1363,21.050041311502792,41.26470846258461,0
1364,36.59307679317305,57.86031336040942,1
1365,21.54038743704075,41.8881524332564,0
1366,39.65942901445113,59.145360103010425,1
1367,23.751398666916998,42.69020255755998,0
1368,22.764425347852494,42.329247683136636,0
1369,38.75984024080287,61.52291004078299,1
1370,37.36748969725615,57.15850502685681,1
1371,-4.325125733295268,36.23173307701414,2
1372,37.991674145030835,59.942389169663144,1
1373,37.47223411624813,60.81115090711755,1
1374,37.30291588887144,59.70617407146488,1
1375,10.26519271064618,39.40556914460344,2
1376,11.531964951222655,42.78508157332936,2
1377,21.381827297494866,41.19438242029566,0
1378,4.896387641624172,35.220080461477174,2
1379,35.05673483258687,58.57077824792067,1
1380,5.071988363161688,37.400556080530016,2
1381,4.031939563311097,39.959557730832195,2
1382,40.47288453584852,57.16925368063692,1
1383,2.8462398755247817,38.59110039685005,2
1384,6.331337686000277,37.319701906674126,2
1385,10.96216928661316,38.801437610763244,2
1386,2.761189794770293,37.46265372422472,2
1387,6.681409260617959,39.312867923015666,2
1388,3.0353834386892844,40.37967488393864,2
1389,20.93006545711474,42.00404753605709,0
1390,-1.4528718515091192,37.11884919680684,2
1391,21.819616932534757,39.67746540042826,0
1392,6.016053837043678,37.185069853250795,2
1393,35.73666021351463,58.194775370020686,1
1394,23.151412059591426,42.120215400438276,0
1395,33.30546712445964,57.74429414286783,1
1396,23.379708138665006,40.36613278028012,0
1397,12.59821942425994,38.02985031453936,2
1398,20.87481671424826,42.13561932083816,0
1399,11.591336359662511,38.07286639892454,2
1400,8.05869445986135,39.04343664970879,2
1401,40.50863401079963,60.27279703960564,1
1402,39.17754890300902,61.41203123761373,1
1403,20.008415939841786,41.60744084182654,0
1404,40.74538542657444,58.420790193981155,1
1405,36.716776338490945,56.69570043306463,1
1406,4.59722666628545,42.04662008312487,2
1407,36.242635920021876,58.19769262005013,1
1408,22.677567058002705,42.77211466344591,0
1409,38.58750710575216,58.65209542927889,1
1410,7.785399463080677,39.636691238112554,2
1411,38.77965677417267,60.109176567786946,1
1412,7.920720073930161,39.92550867592184,2
1413,37.25341261365269,58.53514297271983,1
1414,8.856016339043641,42.87804842040032,2
1415,21.274958736640176,42.904990995702924,0
1416,38.70291247096258,58.05766898480144,1
1417,21.385014476269212,42.35216296976254,0
1418,39.034833398308834,59.340715547418185,1
1419,19.757143767034396,40.20749272755198,0
1420,21.522461572515596,43.24266719111609,0
1421,3.794394914465627,38.45601698875219,2
1422,22.50539935974754,40.54356990344814,0
1423,37.096773465603626,59.979028415877806,1
1424,22.430071295526876,41.39601977843164,0
1425,23.37693911038558,41.700400122216564,0
1426,37.99825697617534,58.65116376243609,1
1427,22.410540527066797,42.5697259720232,0
1428,34.75858435456222,59.192828224063646,1
1429,36.93884149150677,57.46359630159128,1
1430,23.231239451603205,43.099354198745544,0
1431,23.064265622139544,41.20840426819083,0
1432,21.73426599827356,42.25622521480853,0
1433,22.323987957896808,42.15077449955033,0
1434,5.543000638795162,43.60927273428557,2
1435,20.529994910955587,41.71678202046526,0
1436,22.28929708985164,41.54760097783583,0
1437,5.498332059296838,38.53923767018755,2
1438,21.275873127836284,42.63103124783991,0
1439,36.38291196871811,60.13976940980492,1
1440,6.815966343146211,31.31042226409017,2
1441,37.782345102370606,58.49696198584131,1
1442,36.270717601561955,58.32521404885656,1
1443,10.911972845100724,36.97145844272248,2
1444,8.18733904579034,37.54126103129417,2
1445,6.195716483153725,34.919955991548946,2
1446,23.457028158920526,42.685653831270876,0
1447,21.513501880072678,42.756992223047504,0
1448,37.9795727907485,60.30992683633961,1
1449,7.810982768502605,37.05061004159111,2
1450,10.104604101654711,44.46190217843739,2
1451,20.3227003670849,39.99428339048633,0
1452,37.42858088134254,61.288659325925316,1
1453,23.062193387944195,42.97583990779192,0
1454,38.92485088039298,58.71096300184663,1
1455,21.944923197817133,42.84087034639665,0
1456,35.94591641162768,57.95413737086885,1
1457,22.492033563749878,41.52984065515609,0
1458,23.217463028769718,42.06606636666531,0
1459,22.65595685689349,42.77063791868168,0
1460,18.80848256156343,38.79812941698479,2
1461,5.954039607391437,33.0121542318755,2
1462,39.84432950175476,60.48336129658397,1
1463,38.59861564761214,61.085140176899394,1
1464,22.33406964113699,41.612811885126256,0
1465,9.736975552674837,32.74926946303611,2
1466,10.745931581730742,40.2281566364764,2
1467,38.154294974332984,60.3385092150014,1
1468,21.266675530985086,40.35004735105143,0
1469,21.524742350309864,43.51577684594774,0
1470,20.768947465859032,42.00666529466349,0
1471,3.9412934227327154,39.73299162883067,2
1472,22.311226402289012,42.47693837853287,0
1473,10.062653863655312,34.0329535901651,2
1474,36.08127406514814,57.1887336903176,1
1475,22.488467782704276,42.8195318885475,0
1476,7.896544574037575,43.98143659459364,2
1477,37.676296856951154,59.352115819284904,1
1478,7.972571802748958,39.63218807834404,2
1479,7.445709435631433,39.05595852294705,2
1480,20.882479813422446,41.27567707930039,0
1481,20.776643429763876,41.17752669907932,0
1482,35.545673097113976,58.650049032420185,1
1483,38.44607931885746,59.29261808463821,1
1484,11.437409986425106,35.14396673164217,2
1485,22.065043764383866,41.10934890029525,0
1486,21.66629213049886,41.3997803116903,0
1487,37.70808158655944,56.6762778619825,1
1488,21.677957235184437,41.77889591125842,0
1489,6.450009543119548,40.429422912760856,2
1490,20.091562322210695,40.01053828967304,0
1491,10.051895387614332,40.411862197755255,2
1492,10.679029618259092,35.26511671200196,2
1493,6.2237986499563,35.89139430733259,2
1494,37.578490363419455,60.47268484317553,1
1495,23.303561250760847,40.648740869208346,0
1496,22.6624464401848,42.89047400586477,0
1497,7.413685788445268,42.55657718768634,2
1498,39.3342219612465,57.71340601209756,1
1499,35.974835850718144,59.56931209312491,1
1500,21.26123766496656,42.6500662650787,0
1501,5.772798928162755,34.062070469687974,2
1502,39.80928092303604,61.90835313781127,1
1503,21.75903062149765,40.8771032416676,0
1504,-0.3235325792952448,35.84695304525154,2
1505,38.651598320647466,56.14121287378157,1
1506,8.301202551101621,37.28069429446102,2
1507,21.269077895658715,39.5331921723657,0
1508,22.565001696738513,42.2985242601345,0
1509,-0.6405026643395093,31.52004892959592,2
1510,4.993061103338346,41.40349342020308,2
1511,40.32182908917964,56.540072285576315,1
1512,-1.2240506539618643,38.543433421187544,2
1513,36.46004375544853,58.942468807868494,1
1514,1.2321375337516045,36.429461337916784,2
1515,8.00002583235151,39.80553576225569,2
1516,8.999162560822517,35.87571098981822,2
1517,20.1620230285966,41.40256583997511,0
1518,37.95117682309644,63.52696427905269,1
1519,37.31856230657299,56.95854300217278,1
1520,39.138201001787706,58.23431037217242,1
1521,3.192956879549696,34.66568058713191,2
1522,3.0851516476807346,39.6945694172854,2
1523,21.742887571855675,41.95310135302757,0
1524,7.2658304686954835,37.38532464278621,2
1525,20.879004713279638,41.87782580354448,0
1526,21.105831270828947,42.384206536179136,0
1527,8.986113663376667,38.2099798823855,2
1528,38.50538346656897,61.17959028041483,1
1529,36.80172573808489,59.927342050340926,1
1530,23.924284755068896,40.52910717632111,0
1531,5.339474249918217,40.834977824799346,2
1532,20.018748621454197,41.78872672257399,0
1533,20.85177030457452,43.272918908244755,0
1534,5.992991350581334,33.02358487287063,2
1535,6.471258600108008,37.12470863225578,2
1536,6.4997425073155215,40.643306890853026,2
1537,38.63196077179533,56.97040742223149,1
1538,11.295624170646038,34.245239803497334,2
1539,20.97438416343412,41.95005940447439,0
1540,37.06149735968846,59.14356552650465,1
1541,4.841589087887841,37.98117370482639,2
1542,39.32152483569858,57.157810355416395,1
1543,20.401194707484684,41.947856007884404,0
1544,8.099082610378987,41.46335291485342,2
1545,37.55229796087866,56.63023125952704,1
1546,19.88075390768113,39.92563513764235,0
1547,20.391094586987958,42.62838484419335,0
1548,35.30288910686758,57.66011168860861,1
1549,38.1692365605005,60.54101151753061,1
1550,39.19231108182548,59.73925658118534,1
1551,10.412568946955867,35.827428573036755,2
1552,10.827510336842842,36.86802358596563,2
1553,20.139303697169957,43.57720440044981,0
1554,6.987344701202529,38.43551523647227,2
1555,39.47082204709034,58.1859234626184,1
1556,38.960908492920694,59.14540627449461,1
1557,21.093100876509833,42.95190938800372,0
1558,21.18685718640854,41.18136546742933,0
1559,10.717761060760196,33.116082514568916,2
1560,10.342562257993137,37.76393860574789,2
1561,22.501276586395235,42.148875245044295,0
1562,22.14081601205278,42.37732925565553,0
1563,20.582282611016815,42.85040560904438,0
1564,4.88193400293601,35.441710255831616,2
1565,22.746342644347433,41.312466851405084,0
1566,7.011824108503281,37.606561345839886,2
1567,23.214981399638212,40.26963382308861,0
1568,22.634203020713937,43.148502190399164,0
1569,36.37662019942539,58.80434899009167,1
1570,0.7534599958761108,33.2966513919983,2
1571,3.919197593731692,35.75592128810894,2
1572,39.78378890785218,58.33235299899575,1
1573,37.76560449119985,57.23031761878723,1
1574,20.83479824192037,41.23584789187627,0
1575,37.0066388230596,60.063176649955224,1
1576,23.599555550966965,41.39572957153725,0
1577,38.40333527952366,57.91966659424046,1
1578,21.94371441726041,42.123389707577665,0
1579,2.960958597806704,39.93873556916042,2
1580,5.721754431501663,32.990714745514694,2
1581,6.025280107101299,36.24453225370047,2
1582,21.436448838972744,41.840922832147676,0
1583,39.63581867122434,57.797387890329894,1
1584,21.53268703246416,40.39482581612925,0
1585,21.333344729795687,40.1162771747825,0
1586,34.990997998805305,58.3817461951057,1
1587,9.988545948017133,39.07018630786445,2
1588,37.67754761222062,60.83631069295241,1
1589,4.44211977915921,40.0566423906538,2
1590,6.357100572133198,35.507887403982906,2
1591,6.8472535464902355,36.380226594765084,2
1592,35.240088267009554,60.92535044406236,1
1593,21.53830716685953,40.175316680908516,0
1594,22.931103911024135,41.6868723634523,0
1595,3.7351734409102457,33.19015936040579,2
1596,35.320044449943325,60.65615360994001,1
1597,21.94059827755927,41.22439890588621,0
1598,39.58836982430896,59.38735900524726,1
1599,22.699248640145925,40.97714093885548,0
1600,22.285465382538273,42.246547264102745,0
1601,2.099355972545526,40.49904973018175,2
1602,36.624276579342116,57.60419746021756,1
1603,6.75684749979497,35.74360293092753,2
1604,22.269830785582492,43.70055772091942,0
1605,37.12701045760184,58.65985593427018,1
1606,38.36675372299986,60.79967812849176,1
1607,34.95852124381828,58.80520722136792,1
1608,7.365902146581807,40.58382026742017,2
1609,21.248583474393943,41.97086681904766,0
1610,36.63711630828965,57.00919094757838,1
1611,35.34199888893925,61.459045571011224,1
1612,9.838672948882666,39.397246558292494,2
1613,20.38655861319031,41.45376606755569,0
1614,36.855007842305255,59.56646361511921,1
1615,21.225628413767936,42.626917171321004,0
1616,39.54648733306067,60.85411394370477,1
1617,8.010889907812517,31.15648828912581,2
1618,0.9128919513030729,37.731883925301744,2
1619,7.217227674189701,35.46872246905043,2
1620,4.54834136851378,39.645032161690416,2
1621,4.967745965708733,36.220733171237924,2
1622,37.044946729809745,59.3418034218639,1
1623,21.66411185052887,42.642752070242366,0
1624,20.377879875190636,42.66831298832536,0
1625,8.160640885066929,40.67596562714549,2
1626,9.238505109888568,40.56389743961235,2
1627,23.00462734788428,39.79465128495447,0
1628,9.121253772141605,40.10165783591275,2
1629,7.112591985863714,44.10890790088719,2
1630,10.186698867110618,40.941438457169134,2
1631,21.86480759247869,40.74480151390235,0
1632,35.41461814452881,59.26584994020123,1
1633,8.54656326248809,37.63797404598854,2
1634,20.535785240935002,41.1570280899412,0
1635,37.15013582166506,58.67984882505145,1
1636,36.035881675310506,59.2642805046067,1
1637,21.700285532718674,42.266732751698015,0
1638,7.372349108979214,35.455104619576,2
1639,2.481471626957238,38.54046692009677,2
1640,38.07445871999177,60.222185170377955,1
1641,23.938774349343742,43.23713632361036,0
1642,38.95636517965142,59.106675907431494,1
1643,22.28900819315305,41.24236446671013,0
1644,5.965483756950994,38.732189125834765,2
1645,21.189899684462986,41.48575038188335,0
1646,23.1025914990881,41.45753188237657,0
1647,39.37182114883994,58.59083093363333,1
1648,3.609585954024221,38.48076890410184,2
1649,22.644762312497054,41.465478164558604,0
1650,10.166086424292127,36.69492928907889,2
1651,33.30437868785114,57.2237477985725,1
1652,23.103299040426084,42.83851510079461,0
1653,9.246078883449963,35.074903894561174,2
1654,8.81349765229196,43.54212485655667,2
1655,35.60469123265949,60.136926960392806,1
1656,8.199693040550532,30.411674893879983,2
1657,38.256914182468265,60.3751525073283,1
1658,7.03822514326472,36.78339094220856,2
1659,6.988369748137842,36.52645202397423,2
1660,11.895711039262117,40.014867529186716,2
1661,8.840425959529176,37.848507823341876,2
1662,35.752088622401025,60.840536663560094,1
1663,9.922755852893587,33.46366155372229,2
1664,21.431576112572202,41.74905210171641,0
1665,20.791486032481828,40.79675105318075,0
1666,38.31931361270764,58.5674162239396,1
1667,36.73833092263038,58.53528038269379,1
1668,21.946350038630985,40.687061712102974,0
1669,37.13153283037744,59.59926724990102,1
1670,9.82970651062383,38.760139144408846,2
1671,23.202213130381605,43.32183021354308,0
1672,10.626705936341903,34.84016432419232,2
1673,10.451284265873873,35.66601280257101,2
1674,22.171704565880113,42.73091435446787,0
1675,36.22747781442733,55.88162159012036,1
1676,7.0249071830067225,40.81703039169157,2
1677,20.828699477597187,41.402714102461196,0
1678,37.93267035254662,61.181477936609575,1
1679,20.53466246896612,42.48727670216966,0
1680,22.441668292254196,42.86211135934941,0
1681,1.3200782121551882,38.019517939207184,2
1682,5.774287602988748,34.15050022942067,2
1683,23.189157594159752,43.330163046644344,0
1684,7.739439124927614,34.170455604250634,2
1685,22.397909453839322,40.60619593312612,0
1686,22.72215720321441,43.04903415221059,0
1687,37.40568468148679,56.99828100717214,1
1688,3.77202963626329,36.342266505971246,2
1689,39.24392969910735,59.88262124874881,1
1690,40.10062655318155,58.50905287755278,1
1691,22.10231731522627,41.54376705270483,0
1692,22.80528807861146,42.32993798057773,0
1693,36.175650484025844,57.45938395397111,1
1694,38.32150375439358,59.23849326114622,1
1695,21.85434690753329,41.78412581288294,0
1696,21.32279379138292,41.09023829575733,0
1697,39.42616746296225,57.288419752546936,1
1698,7.9284076965825445,35.95973114063068,2
1699,21.1535152812586,41.79297364120639,0
1700,1.189264197057586,43.54661870887079,2
1701,21.984451004685383,42.828218672829635,0
1702,4.1194299466538675,32.80025741306861,2
1703,38.07467260381041,59.365626946005584,1
1704,21.66036133219506,42.654471541964725,0
1705,0.19035804016448843,37.729635321561304,2
1706,21.573431913754334,42.4825198053908,0
1707,36.79089633898923,58.211237119940606,1
1708,11.30238785121238,41.6130731107831,2
1709,9.357013702589079,36.42818836096576,2
1710,11.84972844788422,45.4005287309369,2
1711,7.588614283454653,37.13315026966672,2
1712,4.992338143234722,35.028517808409035,2
1713,21.550290604777764,41.55989043841057,0
1714,37.454797554020566,58.74749286808958,1
1715,38.59566791892796,59.33205407812784,1
1716,36.46751237338244,58.09644774706137,1
1717,4.973618141462185,38.518619945495495,2
1718,37.78361010784235,59.3971497524389,1
1719,22.325442589424828,40.70258798896628,0
1720,7.50449553139867,36.37196433947534,2
1721,6.842387710110509,39.01434443619345,2
1722,22.078505185544987,42.72959825737626,0
1723,3.863222251062775,35.326877147896816,2
1724,21.870871150612984,42.48922592298634,0
1725,37.75583853169508,59.08146961117446,1
1726,8.046037413381711,40.831210956946514,2
1727,22.145539141512984,41.47202474577241,0
1728,36.73571736367626,59.101133863032004,1
1729,37.739405643731175,58.96580636159394,1
1730,38.167588139127744,60.01004350540035,1
1731,8.0319647460854,38.91006853169341,2
1732,22.196088031433995,41.49117336964914,0
1733,38.95207562604762,56.20701652389502,1
1734,38.58587927391039,58.03748384893165,1
1735,20.507079879717082,41.892451787498594,0
1736,7.599926641178062,37.13772754964004,2
1737,21.797963604763588,42.42287384061266,0
1738,36.04956038913915,59.731318761920775,1
1739,36.74466748243478,57.57021270683297,1
1740,3.1640415932248365,37.744860990953164,2
1741,21.78278159836693,39.522205937120695,0
1742,4.821432219374028,39.04542319932778,2
1743,38.04394961313672,58.38945990319253,1
1744,8.138520203131367,38.48632968161363,2
1745,11.416886253600929,36.03189274600879,2
1746,21.51495676528474,42.3263708185891,0
1747,22.41167543367554,42.480088486565286,0
1748,6.156082781279137,39.626936329093965,2
1749,39.11711513982552,57.5580649128298,1
1750,22.684417466692587,42.180045927439785,0
1751,36.52014507560517,59.26525353774078,1
1752,7.595191181246022,41.01148406123906,2
1753,9.505389418836094,40.19746665597647,2
1754,21.38850374722194,41.529458857239746,0
1755,22.164056325012663,42.46151649607887,0
1756,21.35274807492069,41.052211421071874,0
1757,21.667815532155576,41.03861899006594,0
1758,8.30348144872136,38.95625614264886,2
1759,37.83373708403613,60.61849159904085,1
1760,8.397345549836258,38.65157502993113,2
1761,20.148064424899886,42.55356953199118,0
1762,20.7841352868828,41.910142700987876,0
1763,21.845060445034783,44.054298438590884,0
1764,39.132861847452574,57.94596519100535,1
1765,38.47309531581614,58.94374858190693,1
1766,21.87460489700847,40.967418219289506,0
1767,19.65033006369481,41.63401033641986,0
1768,22.572568160311597,41.50956699510519,0
1769,9.740684664946313,33.651020365453896,2
1770,37.24131092699075,59.22037447375867,1
1771,10.138132082943457,30.115358001264383,2
1772,20.85178989031242,41.542911706475174,0
1773,11.465462363578805,36.95045523567415,2
1774,4.359467758275677,37.1986842272256,2
1775,22.302035515532168,42.47497964318326,0
1776,7.7420603429940575,38.98236011038064,2
1777,36.33314685147745,57.53845904300745,1
1778,37.90909953655027,58.63825100453856,1
1779,-3.3938979957990405,34.29975903999913,2
1780,6.2013952705755155,43.04933409236542,2
1781,21.771751394314062,42.70249115640683,0
1782,3.3794661881026182,34.9234933495483,2
1783,36.99937821151412,58.44572720425069,1
1784,20.792585892827546,43.018817619135206,0
1785,21.131932772529414,44.546225488475365,0
1786,9.389262477787842,37.49365540212904,2
1787,37.25291670314882,58.439569104214776,1
1788,20.90302841894534,42.502414752781554,0
1789,4.883418751882875,34.53418998206245,2
1790,9.270640927011982,44.18891481806954,2
1791,34.147773821806084,59.27965811491662,1
1792,21.43575137288285,42.77069067995669,0
1793,36.962507545570105,61.075756046251016,1
1794,37.229231659488704,58.27029620164869,1
1795,20.50785272084887,41.72371421982959,0
1796,21.497256527394505,42.53179863217191,0
1797,3.9104234617161353,36.4491495711641,2
1798,20.349564657981183,40.60197156157589,0
1799,36.7213087462412,62.43907155251783,1
1800,35.65003065133926,60.40411348448895,1
1801,37.89470922883832,60.5421874615893,1
1802,20.29029289592942,42.308930359379175,0
1803,6.197178729199446,32.77688845371386,2
1804,22.4827116454415,40.65053713419807,0
1805,-0.04168784310865803,39.935986150819545,2
1806,35.649062042002676,57.56313877387697,1
1807,37.6778521676219,59.35432265144285,1
1808,7.267267996898775,39.65337302280006,2
1809,21.895146821660422,42.33815778467616,0
1810,37.608493773297994,57.98268957614159,1
1811,20.866337821833298,42.9196566251834,0
1812,21.18064845329674,42.98601618457258,0
1813,22.300395987080364,41.75028699234146,0
1814,0.02477130199062927,35.34433806186709,2
1815,38.674136856847376,61.20890126001306,1
1816,4.863686480019398,38.03561795687313,2
1817,3.241618887464271,31.58744371317501,2
1818,22.27684482670632,43.04151985045646,0
1819,7.329173359103892,35.81300824358735,2
1820,37.822783289645415,58.082304119043116,1
1821,7.587182015553085,36.00905531525733,2
1822,39.312881722627175,60.36754076272013,1
1823,9.261712428833789,36.627721204156074,2
1824,6.195216594841108,33.750229992301314,2
1825,38.12271740861299,58.60496423564944,1
1826,22.94463381390854,40.71959663475553,0
1827,23.63131827418658,42.392011973151234,0
1828,39.8226501108642,58.274637473583894,1
1829,22.138364857506705,41.35043460875834,0
1830,5.891521445110774,43.94792587503934,2
1831,20.807019482641785,40.445860784572226,0
1832,20.7540685550703,41.665579669572224,0
1833,22.655669952578215,42.098605538772205,0
1834,36.42510179779422,60.0246887938041,1
1835,38.11685945631435,59.47579486206554,1
1836,22.727325168622873,43.088350049690554,0
1837,9.556218093798629,37.11980384112855,2
1838,21.45287083234266,38.86696798367345,0
1839,6.935681315276107,35.91770006671225,2
1840,0.40752203612321924,34.92220698798718,2
1841,38.652721169741184,58.52315545577504,1
1842,8.515155106354364,36.976540402648816,2
1843,37.61348561016801,61.07882987162002,1
1844,3.6278015920478426,39.90674647224613,2
1845,22.29577756748173,42.47028413664102,0
1846,37.750538257404415,59.25481052501609,1
1847,35.64103225259304,60.45120225905165,1
1848,22.638737312838195,41.021402206586004,0
1849,12.153587311543628,35.091563627969734,2
1850,38.34603387336909,59.498761334524836,1
1851,37.84727956240017,60.163070893264376,1
1852,36.78587743480185,58.57160818406689,1
1853,6.906873821185071,36.93034590472709,2
1854,8.02739229730771,37.189318859498044,2
1855,0.20604763825365602,42.14319023118237,2
1856,20.673123823759866,41.466215100659625,0
1857,9.156530113808707,40.638031427656855,2
1858,9.97170242494498,36.75866296576818,2
1859,7.8498268999957315,31.523277396990657,2
1860,35.19577609678132,60.38177780667308,1
1861,36.939737107348876,57.03458106319927,1
1862,38.28086389893778,58.14844728762822,1
1863,37.19558726670653,58.160627682374916,1
1864,36.171719302933624,58.46496946894879,1
1865,7.350032568156251,36.009546985964896,2
1866,4.496437457574505,43.840518691839875,2
1867,6.4465133703026805,35.211925827770365,2
1868,37.19951379526375,57.90281259428953,1
1869,39.8666555266818,58.58119734307998,1
1870,22.57845279595511,42.438319907326154,0
1871,22.225038491466766,42.49771509131189,0
1872,10.379411408845515,39.98838047835638,2
1873,37.111339520441774,57.95456168410312,1
1874,6.3962981596879365,35.56670328935084,2
1875,21.107023339471034,41.37328985853428,0
1876,38.854095852557066,62.151800063958206,1
1877,21.51628516372892,39.507661125710506,0
1878,39.092352455706866,57.75021499567122,1
1879,22.17152414481268,42.35154166622384,0
1880,5.112076133749599,37.2693361064781,2
1881,36.67295483191515,58.437765678968915,1
1882,3.844389044602091,37.15405947372785,2
1883,22.084223241196312,43.360783114318,0
1884,38.20763055969279,57.14892318255265,1
1885,23.125914773128947,42.35063498450261,0
1886,35.968532380868815,58.679867947477504,1
1887,37.02698555009136,57.70361424677593,1
1888,22.037771692398046,42.273878804113096,0
1889,6.306258860790631,37.90484840851659,2
1890,20.59048894681302,41.01774473027865,0
1891,5.703023572904487,34.54905494924104,2
1892,36.439074007205576,61.482418861211436,1
1893,39.52458730052786,60.59307633034365,1
1894,40.55727603417326,59.18820959126752,1
1895,38.709576230723634,61.08428688243728,1
1896,4.5626906324737995,42.115636456045074,2
1897,11.164692276595753,35.73035685400738,2
1898,23.204914677272274,43.05084049278132,0
1899,10.905162797058924,38.5605606562173,2
1900,10.211618505436975,36.86573017861514,2
1901,20.436097775761105,42.91429796622817,0
1902,38.971627831149426,58.350748191476384,1
1903,9.633070309818837,37.12527509257019,2
1904,24.41607557717924,43.10926156639616,0
1905,23.31507218915684,40.766726148146965,0
1906,36.646222960687986,58.13922347385259,1
1907,20.844319759315802,41.07192048495074,0
1908,22.1123607848546,40.876701744515444,0
1909,38.63106327664664,59.81289216437528,1
1910,23.556121343587314,41.74930816607851,0
1911,4.157093843619874,31.661673851724146,2
1912,22.910841143918176,42.80323276830644,0
1913,9.35444627354558,38.36463331558409,2
1914,36.68627322368607,59.67947641409254,1
1915,36.75336226006996,58.34683404776712,1
1916,21.08330208653397,43.79576964887504,0
1917,38.36164636429281,60.10240234132165,1
1918,21.01719331667283,40.447590849445255,0
1919,8.122933993665145,40.37408121111514,2
1920,8.704350757151845,36.330086107583945,2
1921,2.18960537638966,38.20886154067085,2
1922,7.3867600364749855,34.39692436327346,2
1923,22.241898085027085,42.365671095748574,0
1924,39.64078370466954,56.74545537020293,1
1925,8.011627965785923,31.486852498347403,2
1926,4.788692560231269,31.726129941967194,2
1927,3.870451783843355,37.820550169838704,2
1928,39.267663720163966,60.657598481388916,1
1929,38.66940430136015,61.82038248538756,1
1930,37.224953522076675,56.698738889380614,1
1931,8.584432678124712,37.543415706837024,2
1932,40.48036076906122,59.1044811899372,1
1933,37.899206082548716,58.35155218462162,1
1934,38.3301673354338,58.17028827872537,1
1935,21.616962016307344,41.84883293885874,0
1936,21.009256448584175,41.837576253283395,0
1937,20.20234702916394,40.63291767812062,0
1938,39.669043935377225,57.38433062240663,1
1939,21.919821673504266,42.7620382699248,0
1940,37.5281710946849,58.812897462891755,1
1941,37.465371685183655,55.11656148082776,1
1942,20.77039009451833,40.93872281856754,0
1943,7.640579937207733,41.08209729902178,2
1944,-0.30437392783732964,34.37645281939604,2
1945,36.486208330657895,59.60760612167335,1
1946,20.824747746655497,40.76423640629119,0
1947,3.777463765744078,32.87215035215815,2
1948,22.476935311321927,40.274483719217415,0
1949,8.254926929125606,35.12268216883018,2
1950,36.18452152630991,60.579876062944535,1
1951,21.246804733902884,43.89101728066754,0
1952,3.9875801295479976,38.223013619010935,2
1953,36.86996819601143,58.40535114571795,1
1954,4.829744318794855,37.98350373141848,2
1955,7.80483349603849,31.863241431685605,2
1956,36.45178748009825,58.488651313200855,1
1957,38.47360627521908,59.09791132756623,1
1958,23.143357890209693,43.0236050213228,0
1959,34.825621812671336,57.76011096923263,1
1960,37.837982342647166,59.89857197669048,1
1961,22.20035305279796,42.4984399065795,0
1962,3.895948023584843,37.69513843920408,2
1963,10.078777615910067,34.132969107935914,2
1964,7.465725169154086,36.634235244319655,2
1965,34.70041460067293,58.96596611626448,1
1966,6.919461073724203,36.74693771518631,2
1967,22.00456358244157,41.373142041179214,0
1968,37.23674432204071,59.48033662378938,1
1969,39.550207408481526,58.57141352082807,1
1970,6.100601966534288,38.41159096814903,2
1971,37.10269470469543,60.304214716405205,1
1972,9.042044062161999,34.51469771314292,2
1973,21.840264990650873,42.09515239576488,0
1974,22.16558312460153,40.841554877239616,0
1975,-0.3186968224268636,38.39947927969008,2
1976,7.656522002702874,35.77018206355562,2
1977,38.30469832754242,60.911861712103516,1
1978,5.192508812271593,39.98384877779057,2
1979,38.362811293174495,60.40757409819624,1
1980,37.7104914563694,53.32959911153824,1
1981,38.01364280512482,57.68563874731426,1
1982,9.382148708226934,38.319942450503554,2
1983,37.53933921217192,58.17347618894486,1
1984,21.281296919281413,40.846651064972825,0
1985,12.80810253792213,43.11954029349701,2
1986,37.75538764796025,58.66199109638089,1
1987,8.678094134140968,38.375751117255454,2
1988,21.458343956335327,41.2655366017869,0
1989,8.433809117100793,37.58334974847873,2
1990,23.161148755404238,41.63975391168992,0
1991,37.274593951481954,58.7962660821232,1
1992,35.22751379515715,59.83420807893723,1
1993,36.471717808782856,59.22994823146499,1
1994,24.817225693768766,41.2209778295075,0
1995,37.03241883463684,58.243828209382464,1
1996,23.10126413532104,40.74121129430936,0
1997,35.17252699411855,60.64413016448869,1
1998,38.47057955230427,55.957725659664845,1
1999,20.28778699216614,41.259731045140384,0
